attack,dataset,model,condition,seed,wsd,raw,casr_ci_lo,casr_ci_hi,n_total,n_conditional_eligible,clean_accuracy,clean_macro_f1,adv_accuracy,adv_macro_f1,delta,cASR,flip_rate,source
textfooler,reviews,xlmr_base,B0,1914,,reviews__xlmr_base__B0__seed1914,0.33800404253405086,0.44854982412695643,400,296,0.74,0.3667535017848544,0.45,0.20711462450592885,0.29,0.3918918918918919,0.29,results/textfooler/reviews__xlmr_base__B0__seed1914/examples.jsonl
textfooler,reviews,xlmr_base,B0,1914,wsd035,reviews__xlmr_base__B0__seed1914__wsd035,0.33150648696795937,0.4417069963593609,400,296,0.74,0.3667535017848544,0.455,0.21348267117497888,0.285,0.38513513513513514,0.285,results/textfooler/reviews__xlmr_base__B0__seed1914__wsd035/examples.jsonl
textfooler,reviews,xlmr_base,B1,1914,,reviews__xlmr_base__B1__seed1914,0.4017140000485508,0.5160495689214583,400,288,0.72,0.43378362969559825,0.39,0.18357358057244239,0.32999999999999996,0.4583333333333333,0.33,results/textfooler/reviews__xlmr_base__B1__seed1914/examples.jsonl
textfooler,reviews,xlmr_base,B1,1914,wsd035,reviews__xlmr_base__B1__seed1914__wsd035,0.37465358392895565,0.488285697687726,400,288,0.72,0.43378362969559825,0.41,0.20277326857369654,0.31,0.4305555555555556,0.31,results/textfooler/reviews__xlmr_base__B1__seed1914__wsd035/examples.jsonl
textfooler,reviews,xlmr_base,B2,1914,,reviews__xlmr_base__B2__seed1914,0.32616368869139,0.4362521411597144,400,295,0.7375,0.42760470767512776,0.4575,0.19518078408359235,0.28,0.37966101694915255,0.28,results/textfooler/reviews__xlmr_base__B2__seed1914/examples.jsonl
textfooler,reviews,xlmr_base,B2,1914,wsd035,reviews__xlmr_base__B2__seed1914__wsd035,0.2873440145095751,0.3947616733193673,400,295,0.7375,0.42760470767512776,0.4875,0.20409193137091391,0.25000000000000006,0.3389830508474576,0.25,results/textfooler/reviews__xlmr_base__B2__seed1914__wsd035/examples.jsonl
textfooler,reviews,xlmr_base,B3,1914,,reviews__xlmr_base__B3__seed1914,0.2323791835813007,0.33495664382354173,400,292,0.73,0.43539740131263105,0.525,0.2658829193188347,0.20499999999999996,0.2808219178082192,0.205,results/textfooler/reviews__xlmr_base__B3__seed1914/examples.jsonl
textfooler,reviews,xlmr_base,B3,1914,wsd035,reviews__xlmr_base__B3__seed1914__wsd035,0.20695756181231315,0.3062952440181345,400,292,0.73,0.43539740131263105,0.545,0.262800331745167,0.18499999999999994,0.2534246575342466,0.185,results/textfooler/reviews__xlmr_base__B3__seed1914__wsd035/examples.jsonl
textfooler,reviews,xlmr_base,B4,1914,,reviews__xlmr_base__B4__seed1914,0.24926675883090482,0.3539098077619474,400,291,0.7275,0.4219235914586634,0.51,0.2143504005572971,0.21750000000000003,0.29896907216494845,0.2175,results/textfooler/reviews__xlmr_base__B4__seed1914/examples.jsonl
textfooler,reviews,xlmr_base,B4,1914,wsd035,reviews__xlmr_base__B4__seed1914__wsd035,0.23320131856613638,0.33605871525687414,400,291,0.7275,0.4219235914586634,0.5225,0.21599891569531038,0.20500000000000007,0.281786941580756,0.205,results/textfooler/reviews__xlmr_base__B4__seed1914__wsd035/examples.jsonl
bert_attack,reviews,xlmr_base,B0,1914,,reviews__xlmr_base__B0__seed1914,0.09206374389552531,0.1675449810848434,400,296,0.74,0.3667535017848544,0.6475,0.27275949295908947,0.09250000000000003,0.125,0.0925,results/bert_attack/reviews__xlmr_base__B0__seed1914/examples.jsonl
bert_attack,reviews,xlmr_base,B1,1914,,reviews__xlmr_base__B1__seed1914,0.16542111055994208,0.2589238722301203,400,288,0.72,0.43378362969559825,0.57,0.25141693997665937,0.15000000000000002,0.20833333333333334,0.15,results/bert_attack/reviews__xlmr_base__B1__seed1914/examples.jsonl
bert_attack,reviews,xlmr_base,B2,1914,,reviews__xlmr_base__B2__seed1914,0.10708635691740481,0.1868536444710883,400,295,0.7375,0.42760470767512776,0.6325,0.26806624317590166,0.1050000000000001,0.1423728813559322,0.105,results/bert_attack/reviews__xlmr_base__B2__seed1914/examples.jsonl
bert_attack,reviews,xlmr_base,B3,1914,,reviews__xlmr_base__B3__seed1914,0.11120130452501956,0.19247979270464868,400,292,0.73,0.43539740131263105,0.6225,0.2908040317535963,0.10749999999999993,0.14726027397260275,0.1075,results/bert_attack/reviews__xlmr_base__B3__seed1914/examples.jsonl
bert_attack,reviews,xlmr_base,B4,1914,,reviews__xlmr_base__B4__seed1914,0.10858410581663828,0.18934366584763876,400,291,0.7275,0.4219235914586634,0.6225,0.27485189229375273,0.10499999999999998,0.14432989690721648,0.105,results/bert_attack/reviews__xlmr_base__B4__seed1914/examples.jsonl
