attack,dataset,model,wsd,reference,condition,n_paired,condition_casr_paired,casr_delta,b_worse,c_better,p_value,reference_casr_paired
bert_attack,reviews,xlmr_base,,B0,B1,274,0.17883211678832117,0.09124087591240876,29,4,1.0928604751825333e-05,0.08759124087591241
bert_attack,reviews,xlmr_base,,B0,B2,278,0.10071942446043165,0.007194244604316544,12,10,0.8318119049072266,0.09352517985611511
bert_attack,reviews,xlmr_base,,B0,B3,277,0.11552346570397112,0.0144404332129964,15,11,0.557197093963623,0.10108303249097472
bert_attack,reviews,xlmr_base,,B0,B4,279,0.11827956989247312,0.025089605734767026,16,9,0.2295229434967041,0.0931899641577061
bert_attack,reviews,xlmr_base,,B1,B2,274,0.10218978102189781,-0.07664233576642336,5,26,0.00019219517707824707,0.17883211678832117
bert_attack,reviews,xlmr_base,,B1,B3,273,0.11721611721611722,-0.06227106227106227,6,23,0.002315700054168701,0.1794871794871795
bert_attack,reviews,xlmr_base,,B1,B4,277,0.1299638989169675,-0.05415162454873648,3,18,0.0014896392822265625,0.18411552346570398
bert_attack,reviews,xlmr_base,,B2,B3,279,0.12903225806451613,0.021505376344086016,13,7,0.26317596435546875,0.10752688172043011
bert_attack,reviews,xlmr_base,,B2,B4,275,0.12,0.025454545454545452,17,10,0.24778856337070465,0.09454545454545454
bert_attack,reviews,xlmr_base,,B3,B4,275,0.11272727272727273,0.0,8,8,1.0,0.11272727272727273
textfooler,reviews,xlmr_base,wsd035,B0,B1,274,0.40875912408759124,0.0510948905109489,42,28,0.11960933562988493,0.35766423357664234
textfooler,reviews,xlmr_base,wsd035,B0,B2,278,0.3057553956834532,-0.061151079136690656,16,33,0.021294114141387155,0.3669064748201439
textfooler,reviews,xlmr_base,wsd035,B0,B3,277,0.23104693140794225,-0.1371841155234657,10,48,4.5166191631196284e-07,0.36823104693140796
textfooler,reviews,xlmr_base,wsd035,B0,B4,279,0.25448028673835127,-0.10394265232974909,14,43,0.00015388902244434233,0.35842293906810035
textfooler,reviews,xlmr_base,wsd035,B1,B2,274,0.30656934306569344,-0.10948905109489049,16,46,0.00017632711255144299,0.41605839416058393
textfooler,reviews,xlmr_base,wsd035,B1,B3,273,0.2271062271062271,-0.1794871794871795,10,59,1.3765197153783534e-09,0.4065934065934066
textfooler,reviews,xlmr_base,wsd035,B1,B4,277,0.2563176895306859,-0.15523465703971123,10,53,3.382168502403561e-08,0.41155234657039713
textfooler,reviews,xlmr_base,wsd035,B2,B3,279,0.23297491039426524,-0.07885304659498207,13,35,0.0020881073339964473,0.3118279569892473
textfooler,reviews,xlmr_base,wsd035,B2,B4,275,0.2509090909090909,-0.050909090909090904,10,24,0.024306510109454393,0.3018181818181818
textfooler,reviews,xlmr_base,wsd035,B3,B4,275,0.2509090909090909,0.029090909090909084,26,18,0.2912152365458951,0.22181818181818183
textfooler,reviews,xlmr_base,,B0,B1,274,0.4416058394160584,0.07664233576642338,41,20,0.009853448195259264,0.36496350364963503
textfooler,reviews,xlmr_base,,B0,B2,278,0.34172661870503596,-0.028776978417266175,24,32,0.3496819529836849,0.37050359712230213
textfooler,reviews,xlmr_base,,B0,B3,277,0.259927797833935,-0.11191335740072206,13,44,4.710437609395379e-05,0.37184115523465705
textfooler,reviews,xlmr_base,,B0,B4,279,0.2724014336917563,-0.09318996415770608,12,38,0.00030586400160359517,0.3655913978494624
textfooler,reviews,xlmr_base,,B1,B2,274,0.35036496350364965,-0.0948905109489051,16,42,0.0008617822405421263,0.44525547445255476
textfooler,reviews,xlmr_base,,B1,B3,273,0.2564102564102564,-0.18315018315018317,7,57,7.638141345540223e-11,0.43956043956043955
textfooler,reviews,xlmr_base,,B1,B4,277,0.2779783393501805,-0.16245487364620936,7,52,1.3589917802203644e-09,0.4404332129963899
textfooler,reviews,xlmr_base,,B2,B3,279,0.26523297491039427,-0.09318996415770608,13,39,0.00040954145378258033,0.35842293906810035
textfooler,reviews,xlmr_base,,B2,B4,275,0.2690909090909091,-0.07636363636363636,12,33,0.0024589003220967243,0.34545454545454546
textfooler,reviews,xlmr_base,,B3,B4,275,0.2690909090909091,0.014545454545454584,26,22,0.6654658120766186,0.2545454545454545
