attack,dataset,model,condition,seed,wsd,raw,n_total,n_conditional_eligible,clean_accuracy,clean_macro_f1,adv_accuracy,adv_macro_f1,delta,cASR,flip_rate,source
textfooler,news,sbert_mpnet,B0,,,news__sbert_mpnet,10000,9368,0.9368,0.9187762223566001,0.8318,0.7983905273542392,0.10499999999999998,0.11208368915456875,0.105,/home/mudryi/phd_projects/ukr-synonym-robustness/results/textfooler/news__sbert_mpnet/examples.jsonl
textfooler,news,sbert_mpnet,B0,,wsd035,news__sbert_mpnet__wsd035,10000,9368,0.9368,0.9187762223566001,0.8411,0.8087442413092788,0.09570000000000001,0.10215627668659266,0.0957,/home/mudryi/phd_projects/ukr-synonym-robustness/results/textfooler/news__sbert_mpnet__wsd035/examples.jsonl
textfooler,news,ukr_roberta,B0,,,news__ukr_roberta,10000,9874,0.9874,0.9815718597310934,0.9073,0.89868315112858,0.08010000000000006,0.08112213895077983,0.0801,/home/mudryi/phd_projects/ukr-synonym-robustness/results/textfooler/news__ukr_roberta/examples.jsonl
textfooler,news,ukr_roberta,B0,,wsd035,news__ukr_roberta__wsd035,10000,9874,0.9874,0.9815718597310934,0.9159,0.9077546444098964,0.07150000000000001,0.07241239619201945,0.0715,/home/mudryi/phd_projects/ukr-synonym-robustness/results/textfooler/news__ukr_roberta__wsd035/examples.jsonl
textfooler,news,xlmr_base,B0,,,news__xlmr_base,10000,9363,0.9363,0.9181387014718265,0.8355,0.8036007474430125,0.1008,0.10765780198654278,0.1008,/home/mudryi/phd_projects/ukr-synonym-robustness/results/textfooler/news__xlmr_base/examples.jsonl
textfooler,news,xlmr_base,B0,,wsd035,news__xlmr_base__wsd035,10000,9363,0.9363,0.9181387014718265,0.8444,0.812551927332408,0.09189999999999998,0.09815230161273096,0.0919,/home/mudryi/phd_projects/ukr-synonym-robustness/results/textfooler/news__xlmr_base__wsd035/examples.jsonl
textfooler,reviews,sbert_mpnet,B0,,,reviews__sbert_mpnet,9769,7579,0.7758214760978606,0.46435319118879104,0.4967755143822295,0.21214252476498027,0.27904596171563106,0.3596780577912653,0.27904596171563106,/home/mudryi/phd_projects/ukr-synonym-robustness/results/textfooler/reviews__sbert_mpnet/examples.jsonl
textfooler,reviews,sbert_mpnet,B0,,wsd035,reviews__sbert_mpnet__wsd035,9769,7579,0.7758214760978606,0.46435319118879104,0.5219572115876753,0.22415964024285467,0.2538642645101853,0.3272199498614593,0.2538642645101853,/home/mudryi/phd_projects/ukr-synonym-robustness/results/textfooler/reviews__sbert_mpnet__wsd035/examples.jsonl
textfooler,reviews,ukr_roberta,B0,,,reviews__ukr_roberta,9769,7452,0.7628211690039922,0.4464991307536422,0.3718906745828642,0.16951461908313598,0.39093049442112804,0.5124798711755234,0.39093049442112804,/home/mudryi/phd_projects/ukr-synonym-robustness/results/textfooler/reviews__ukr_roberta/examples.jsonl
textfooler,reviews,ukr_roberta,B0,,wsd035,reviews__ukr_roberta__wsd035,9769,7452,0.7628211690039922,0.4464991307536422,0.40874193878595555,0.18396200809324176,0.35407923021803667,0.464170692431562,0.35407923021803667,/home/mudryi/phd_projects/ukr-synonym-robustness/results/textfooler/reviews__ukr_roberta__wsd035/examples.jsonl
textfooler,reviews,xlmr_base,B0,,,reviews__xlmr_base,9769,7611,0.7790971440270242,0.4747289416894548,0.5089569044938069,0.22299506740805417,0.2701402395332173,0.34673498883195375,0.2701402395332173,/home/mudryi/phd_projects/ukr-synonym-robustness/results/textfooler/reviews__xlmr_base/examples.jsonl
textfooler,reviews,xlmr_base,B0,,wsd035,reviews__xlmr_base__wsd035,9769,7611,0.7790971440270242,0.4747289416894548,0.5410993960487256,0.23584426981799197,0.23799774797829865,0.3054789121009066,0.2379977479782987,/home/mudryi/phd_projects/ukr-synonym-robustness/results/textfooler/reviews__xlmr_base__wsd035/examples.jsonl
textfooler,unlp,sbert_mpnet,B0,,,unlp__sbert_mpnet,382,312,0.8167539267015707,0.8087814645308924,0.4214659685863874,0.3615759821529852,0.39528795811518325,0.483974358974359,0.39528795811518325,/home/mudryi/phd_projects/ukr-synonym-robustness/results/textfooler/unlp__sbert_mpnet/examples.jsonl
textfooler,unlp,sbert_mpnet,B0,,wsd035,unlp__sbert_mpnet__wsd035,382,312,0.8167539267015707,0.8087814645308924,0.4581151832460733,0.4061507265968232,0.35863874345549734,0.4391025641025641,0.3586387434554974,/home/mudryi/phd_projects/ukr-synonym-robustness/results/textfooler/unlp__sbert_mpnet__wsd035/examples.jsonl
textfooler,unlp,ukr_roberta,B0,,,unlp__ukr_roberta,382,311,0.8141361256544503,0.8044542498503955,0.4895287958115183,0.4090112104599224,0.32460732984293195,0.3987138263665595,0.32460732984293195,/home/mudryi/phd_projects/ukr-synonym-robustness/results/textfooler/unlp__ukr_roberta/examples.jsonl
textfooler,unlp,ukr_roberta,B0,,wsd035,unlp__ukr_roberta__wsd035,382,311,0.8141361256544503,0.8044542498503955,0.5,0.4211340574248471,0.31413612565445026,0.3858520900321543,0.31413612565445026,/home/mudryi/phd_projects/ukr-synonym-robustness/results/textfooler/unlp__ukr_roberta__wsd035/examples.jsonl
textfooler,unlp,xlmr_base,B0,,,unlp__xlmr_base,382,306,0.8010471204188482,0.7969903781606624,0.4973821989528796,0.44824265767934524,0.3036649214659686,0.3790849673202614,0.3036649214659686,/home/mudryi/phd_projects/ukr-synonym-robustness/results/textfooler/unlp__xlmr_base/examples.jsonl
textfooler,unlp,xlmr_base,B0,,wsd035,unlp__xlmr_base__wsd035,382,306,0.8010471204188482,0.7969903781606624,0.5052356020942408,0.4540174689000642,0.2958115183246074,0.369281045751634,0.29581151832460734,/home/mudryi/phd_projects/ukr-synonym-robustness/results/textfooler/unlp__xlmr_base__wsd035/examples.jsonl
bert_attack,news,sbert_mpnet,B0,,,news__sbert_mpnet,10000,9368,0.9368,0.9187762223566001,0.7359,0.6981657041482415,0.20089999999999997,0.2144534585824082,0.2009,/home/mudryi/phd_projects/ukr-synonym-robustness/results/bert_attack/news__sbert_mpnet/examples.jsonl
bert_attack,news,ukr_roberta,B0,,,news__ukr_roberta,10000,9874,0.9874,0.9815718597310934,0.8471,0.8463304874639652,0.1403000000000001,0.1420903382621025,0.1403,/home/mudryi/phd_projects/ukr-synonym-robustness/results/bert_attack/news__ukr_roberta/examples.jsonl
bert_attack,news,xlmr_base,B0,,,news__xlmr_base,10000,9363,0.9363,0.9181387014718265,0.75,0.7131505922176957,0.18630000000000002,0.19897468760012815,0.1863,/home/mudryi/phd_projects/ukr-synonym-robustness/results/bert_attack/news__xlmr_base/examples.jsonl
bert_attack,reviews,sbert_mpnet,B0,,,reviews__sbert_mpnet,9769,7579,0.7758214760978606,0.46435319118879104,0.6614801924454908,0.2861079272922943,0.11434128365236973,0.14738092096582664,0.11434128365236974,/home/mudryi/phd_projects/ukr-synonym-robustness/results/bert_attack/reviews__sbert_mpnet/examples.jsonl
bert_attack,reviews,ukr_roberta,B0,,,reviews__ukr_roberta,9769,7452,0.7628211690039922,0.4464991307536422,0.6561572320605998,0.2810580236084143,0.10666393694339238,0.1398282340311326,0.10666393694339237,/home/mudryi/phd_projects/ukr-synonym-robustness/results/bert_attack/reviews__ukr_roberta/examples.jsonl
bert_attack,reviews,xlmr_base,B0,,,reviews__xlmr_base,9769,7611,0.7790971440270242,0.4747289416894548,0.6809294707749002,0.3052705437555255,0.09816767325212405,0.12600183944291157,0.09816767325212407,/home/mudryi/phd_projects/ukr-synonym-robustness/results/bert_attack/reviews__xlmr_base/examples.jsonl
bert_attack,unlp,sbert_mpnet,B0,,,unlp__sbert_mpnet,382,312,0.8167539267015707,0.8087814645308924,0.6518324607329843,0.6427220241485763,0.16492146596858637,0.20192307692307693,0.1649214659685864,/home/mudryi/phd_projects/ukr-synonym-robustness/results/bert_attack/unlp__sbert_mpnet/examples.jsonl
bert_attack,unlp,ukr_roberta,B0,,,unlp__ukr_roberta,382,311,0.8141361256544503,0.8044542498503955,0.6963350785340314,0.6831235697940503,0.11780104712041883,0.14469453376205788,0.11780104712041885,/home/mudryi/phd_projects/ukr-synonym-robustness/results/bert_attack/unlp__ukr_roberta/examples.jsonl
bert_attack,unlp,xlmr_base,B0,,,unlp__xlmr_base,382,306,0.8010471204188482,0.7969903781606624,0.6858638743455497,0.6816401366780565,0.11518324607329844,0.1437908496732026,0.11518324607329843,/home/mudryi/phd_projects/ukr-synonym-robustness/results/bert_attack/unlp__xlmr_base/examples.jsonl
