attack,dataset,model,wsd,seed,variant,reference,condition,n_paired,condition_casr_paired,casr_delta,b_worse,c_better,p_value,reference_casr_paired
bert_attack,news,xlmr_base,,1914,,B0,B2,1352,0.20340236686390534,-0.004437869822485202,48,54,0.6207676687971156,0.20784023668639054
bert_attack,news,xlmr_base,,1914,,B0,B3,1344,0.1875,-0.014136904761904767,54,73,0.10984950256605948,0.20163690476190477
bert_attack,news,xlmr_base,,1914,,B0,B4,1351,0.19170984455958548,-0.014803849000740193,43,63,0.06446359198949372,0.20651369356032567
bert_attack,news,xlmr_base,,1914,,B2,B3,1345,0.18513011152416356,-0.013382899628252787,38,56,0.07897554800108209,0.19851301115241635
bert_attack,news,xlmr_base,,1914,,B2,B4,1356,0.19321533923303835,-0.012536873156342165,40,57,0.10376938287271786,0.20575221238938052
bert_attack,news,xlmr_base,,1914,,B3,B4,1349,0.18754633061527057,0.0,47,47,1.0,0.18754633061527057
bert_attack,reviews,ukr_roberta,,1914,,B0,B2,1031,0.21726479146459748,0.07080504364694473,90,17,3.505779998119023e-13,0.14645974781765275
bert_attack,reviews,ukr_roberta,,1914,,B0,B3,1037,0.17743490838958534,0.028929604628736727,68,38,0.0046185356920239295,0.1485053037608486
bert_attack,reviews,ukr_roberta,,1914,,B0,B4,1040,0.18365384615384617,0.03173076923076926,66,33,0.0011852314254676957,0.1519230769230769
bert_attack,reviews,ukr_roberta,,1914,,B0,B5,1045,0.24210526315789474,0.08325358851674641,109,22,4.7782719389200264e-15,0.15885167464114833
bert_attack,reviews,ukr_roberta,,1914,,B2,B3,1039,0.17613089509143406,-0.04523580365736285,30,77,6.2776102965905504e-06,0.22136669874879691
bert_attack,reviews,ukr_roberta,,1914,,B2,B4,1045,0.1799043062200957,-0.04497607655502392,18,65,2.1054542433593654e-07,0.22488038277511962
bert_attack,reviews,ukr_roberta,,1914,,B2,B5,1029,0.23323615160349853,0.011661807580174904,54,42,0.26146943628638786,0.22157434402332363
bert_attack,reviews,ukr_roberta,,1914,,B3,B4,1057,0.1901608325449385,0.005676442762535483,44,38,0.5811144541766469,0.18448438978240303
bert_attack,reviews,ukr_roberta,,1914,,B3,B5,1019,0.2266928361138371,0.05789990186457311,95,36,2.5592163074465865e-07,0.16879293424926398
bert_attack,reviews,ukr_roberta,,1914,,B4,B5,1024,0.23046875,0.0517578125,83,30,6.30671510083091e-07,0.1787109375
bert_attack,reviews,ukr_roberta,,2024,,B0,B2,1062,0.1374764595103578,-0.032015065913371,36,70,0.00124023971439765,0.1694915254237288
bert_attack,reviews,ukr_roberta,,2024,,B0,B3,1030,0.18349514563106797,0.022330097087378653,62,39,0.028089467947778265,0.16116504854368932
bert_attack,reviews,ukr_roberta,,2024,,B0,B4,1051,0.1912464319695528,0.021883920076117974,61,38,0.026525106848394427,0.16936251189343482
bert_attack,reviews,ukr_roberta,,2024,,B0,B5,1053,0.19753086419753085,0.022792022792022776,56,32,0.01375038573850291,0.17473884140550808
bert_attack,reviews,ukr_roberta,,2024,,B2,B3,1028,0.18482490272373542,0.06128404669260701,89,26,2.952378329881734e-09,0.12354085603112841
bert_attack,reviews,ukr_roberta,,2024,,B2,B4,1037,0.18611378977820636,0.0626808100289296,93,28,2.4401043194765056e-09,0.12343297974927676
bert_attack,reviews,ukr_roberta,,2024,,B2,B5,1048,0.1965648854961832,0.05820610687022901,85,24,3.5048283312348954e-09,0.1383587786259542
bert_attack,reviews,ukr_roberta,,2024,,B3,B4,1037,0.18225650916104147,-0.0019286403085824466,49,51,0.9204107626128213,0.18418514946962392
bert_attack,reviews,ukr_roberta,,2024,,B3,B5,1022,0.18297455968688844,-0.0009784735812133072,51,52,1.0,0.18395303326810175
bert_attack,reviews,ukr_roberta,,2024,,B4,B5,1038,0.18786127167630057,-0.0019267822736031004,46,48,0.9179230673157426,0.18978805394990367
bert_attack,reviews,ukr_roberta,,7,,B0,B2,1034,0.2775628626692456,0.09477756286266922,117,19,2.0689342554664887e-18,0.1827852998065764
bert_attack,reviews,ukr_roberta,,7,,B0,B3,1042,0.16218809980806143,-0.017274472168905958,39,57,0.08219306855694322,0.17946257197696738
bert_attack,reviews,ukr_roberta,,7,,B0,B4,1031,0.20659553831231814,0.030067895247332693,63,32,0.001924347777526304,0.17652764306498545
bert_attack,reviews,ukr_roberta,,7,,B0,B5,1048,0.21564885496183206,0.03339694656488548,65,30,0.00042479272889474573,0.18225190839694658
bert_attack,reviews,ukr_roberta,,7,,B2,B3,1024,0.1611328125,-0.109375,21,133,4.215322229503844e-21,0.2705078125
bert_attack,reviews,ukr_roberta,,7,,B2,B4,1030,0.21067961165048543,-0.06796116504854371,20,90,8.637551655996454e-12,0.27864077669902915
bert_attack,reviews,ukr_roberta,,7,,B2,B5,1042,0.21593090211132437,-0.06429942418426104,29,96,1.429276407178026e-09,0.2802303262955854
bert_attack,reviews,ukr_roberta,,7,,B3,B4,1040,0.2048076923076923,0.0451923076923077,71,24,1.4640982465812786e-06,0.1596153846153846
bert_attack,reviews,ukr_roberta,,7,,B3,B5,1039,0.2088546679499519,0.04331087584215593,84,39,6.0996362368444804e-05,0.16554379210779596
bert_attack,reviews,ukr_roberta,,7,,B4,B5,1043,0.21476510067114093,-0.0009587727708533222,57,58,1.0,0.21572387344199426
bert_attack,reviews,xlmr_base,,1914,,B0,B1,1077,0.17920148560817084,0.07056638811513463,101,25,5.027865916342065e-12,0.10863509749303621
bert_attack,reviews,xlmr_base,,1914,,B0,B2,1087,0.13707451701931922,0.02391904323827046,57,31,0.0073434087237081265,0.11315547378104876
bert_attack,reviews,xlmr_base,,1914,,B0,B3,1088,0.14522058823529413,0.02941176470588236,70,38,0.0026846980412799145,0.11580882352941177
bert_attack,reviews,xlmr_base,,1914,,B0,B4,1096,0.14142335766423358,0.027372262773722636,62,32,0.0025873089569213087,0.11405109489051095
bert_attack,reviews,xlmr_base,,1914,,B0,B5,1079,0.20389249304911955,0.09638554216867469,120,16,6.905764227013771e-21,0.10750695088044486
bert_attack,reviews,xlmr_base,,1914,,B0,B6,1103,0.13689936536718042,0.01813236627379873,54,34,0.04221061162240416,0.11876699909338169
bert_attack,reviews,xlmr_base,,1914,,B0,B7,1097,0.10847766636280766,-0.008204193254329986,46,55,0.4261600154669939,0.11668185961713765
bert_attack,reviews,xlmr_base,,1914,,B1,B2,1066,0.13414634146341464,-0.046904315196998114,33,83,3.865427244352971e-06,0.18105065666041276
bert_attack,reviews,xlmr_base,,1914,,B1,B3,1077,0.14020427112349118,-0.04271123491179202,29,75,7.366510614966004e-06,0.1829155060352832
bert_attack,reviews,xlmr_base,,1914,,B1,B4,1081,0.13691026827012026,-0.043478260869565216,29,76,5.051645602475529e-06,0.18038852913968548
bert_attack,reviews,xlmr_base,,1914,,B1,B5,1078,0.19851576994434136,0.022263450834879406,65,41,0.02502134999189903,0.17625231910946196
bert_attack,reviews,xlmr_base,,1914,,B1,B6,1081,0.1322849213691027,-0.05272895467160035,28,85,7.343651912124567e-08,0.18501387604070305
bert_attack,reviews,xlmr_base,,1914,,B1,B7,1063,0.10253998118532455,-0.07243650047036689,27,104,7.43182695970135e-12,0.17497648165569143
bert_attack,reviews,xlmr_base,,1914,,B2,B3,1086,0.14917127071823205,0.0018416206261510082,52,50,0.921191049253872,0.14732965009208104
bert_attack,reviews,xlmr_base,,1914,,B2,B4,1083,0.13758079409048937,-0.002770083102493076,52,55,0.8468020751891949,0.14035087719298245
bert_attack,reviews,xlmr_base,,1914,,B2,B5,1070,0.20186915887850468,0.06355140186915889,97,29,9.244792163007088e-10,0.1383177570093458
bert_attack,reviews,xlmr_base,,1914,,B2,B6,1089,0.1349862258953168,-0.007346189164370992,45,53,0.479692499567487,0.1423324150596878
bert_attack,reviews,xlmr_base,,1914,,B2,B7,1086,0.10773480662983426,-0.034069981583793735,29,66,0.00018640192629178003,0.141804788213628
bert_attack,reviews,xlmr_base,,1914,,B3,B4,1093,0.13906678865507777,-0.005489478499542538,40,46,0.5900356111485574,0.1445562671546203
bert_attack,reviews,xlmr_base,,1914,,B3,B5,1079,0.20296570898980537,0.060240963855421686,88,23,3.795723347076606e-10,0.14272474513438368
bert_attack,reviews,xlmr_base,,1914,,B3,B6,1093,0.1372369624885636,-0.014638609332113445,37,53,0.11334435404342065,0.15187557182067704
bert_attack,reviews,xlmr_base,,1914,,B3,B7,1087,0.11131554737810488,-0.03771849126034958,37,78,0.0001655238689745107,0.14903403863845446
bert_attack,reviews,xlmr_base,,1914,,B4,B5,1076,0.2016728624535316,0.0687732342007435,96,22,3.2565794542270827e-12,0.13289962825278812
bert_attack,reviews,xlmr_base,,1914,,B4,B6,1099,0.13739763421292084,-0.013648771610555055,39,54,0.14617702864715287,0.1510464058234759
bert_attack,reviews,xlmr_base,,1914,,B4,B7,1082,0.10720887245841035,-0.025878003696857665,35,63,0.006092629672064721,0.133086876155268
bert_attack,reviews,xlmr_base,,1914,,B5,B6,1082,0.13123844731977818,-0.0767097966728281,22,105,3.66344640232477e-14,0.20794824399260628
bert_attack,reviews,xlmr_base,,1914,,B5,B7,1073,0.10717614165890028,-0.1015843429636533,18,127,2.1735945682947113e-21,0.2087604846225536
bert_attack,reviews,xlmr_base,,1914,,B6,B7,1090,0.11009174311926606,-0.022018348623853212,32,56,0.01375038573850291,0.13211009174311927
bert_attack,reviews,xlmr_base,,1914,full78k,B0,B2,1084,0.11162361623616236,-0.035977859778597784,29,68,9.340687100229205e-05,0.14760147601476015
bert_attack,reviews,xlmr_base,,1914,full78k,B0,B3,1069,0.06361085126286249,-0.07764265668849392,17,100,1.7262632576999543e-15,0.1412535079513564
bert_attack,reviews,xlmr_base,,1914,full78k,B0,B4,1070,0.08878504672897196,-0.05420560747663551,26,84,2.6140393458029338e-08,0.14299065420560747
bert_attack,reviews,xlmr_base,,1914,full78k,B2,B3,1099,0.07643312101910828,-0.04094631483166515,23,68,2.5221536534654527e-06,0.11737943585077343
bert_attack,reviews,xlmr_base,,1914,full78k,B2,B4,1092,0.09798534798534798,-0.01831501831501832,28,48,0.02862665550873788,0.1163003663003663
bert_attack,reviews,xlmr_base,,1914,full78k,B3,B4,1105,0.09683257918552036,0.02624434389140272,46,17,0.0003367093494662382,0.07058823529411765
bert_attack,reviews,xlmr_base,,1914,pool10x20,B0,B3,1080,0.14074074074074075,0.025925925925925936,62,34,0.005572997762164588,0.11481481481481481
bert_attack,reviews,xlmr_base,,1914,pool10x20,B0,B4,1087,0.13063477460901565,0.015639374425023014,53,36,0.08932073673118934,0.11499540018399264
bert_attack,reviews,xlmr_base,,1914,pool10x20,B0,B5,1086,0.21178637200736647,0.09760589318600367,126,20,5.407411042600245e-20,0.1141804788213628
bert_attack,reviews,xlmr_base,,1914,pool10x20,B3,B4,1083,0.1265004616805171,-0.01477377654662973,33,49,0.09703091129729906,0.14127423822714683
bert_attack,reviews,xlmr_base,,1914,pool10x20,B3,B5,1072,0.20522388059701493,0.0662313432835821,96,25,5.303093183678633e-11,0.13899253731343283
bert_attack,reviews,xlmr_base,,1914,pool10x20,B4,B5,1073,0.2059645852749301,0.08574091332712024,110,18,2.654143813065224e-17,0.12022367194780988
bert_attack,reviews,xlmr_base,,1914,r0.25,B0,B2,1110,0.14684684684684685,0.02702702702702703,58,28,0.001605564929564241,0.11981981981981982
bert_attack,reviews,xlmr_base,,1914,r0.25,B0,B3,1104,0.09963768115942029,-0.02083333333333333,34,57,0.020584209038374265,0.12047101449275362
bert_attack,reviews,xlmr_base,,1914,r0.25,B0,B4,1101,0.1371480472297911,0.018165304268846508,50,30,0.03299261842647618,0.11898274296094459
bert_attack,reviews,xlmr_base,,1914,r0.25,B2,B3,1105,0.10226244343891402,-0.043438914027149333,21,69,3.881817444056319e-07,0.14570135746606336
bert_attack,reviews,xlmr_base,,1914,r0.25,B2,B4,1101,0.1407811080835604,-0.004541326067211637,35,40,0.644463913894226,0.14532243415077203
bert_attack,reviews,xlmr_base,,1914,r0.25,B3,B4,1105,0.14389140271493212,0.038009049773755646,67,25,1.3815919196387045e-05,0.10588235294117647
bert_attack,reviews,xlmr_base,,1914,r1.0,B0,B2,1084,0.15313653136531366,0.03874538745387454,70,28,2.6402449757572133e-05,0.11439114391143912
bert_attack,reviews,xlmr_base,,1914,r1.0,B0,B3,1099,0.09372156505914468,-0.023657870791628746,24,50,0.0033722333341480717,0.11737943585077343
bert_attack,reviews,xlmr_base,,1914,r1.0,B0,B4,1082,0.12014787430683918,0.007393715341959331,41,33,0.4159851975073048,0.11275415896487985
bert_attack,reviews,xlmr_base,,1914,r1.0,B2,B3,1069,0.09260991580916744,-0.05706267539756782,18,79,2.7205432952211394e-10,0.14967259120673526
bert_attack,reviews,xlmr_base,,1914,r1.0,B2,B4,1070,0.11588785046728972,-0.03271028037383178,27,62,0.0002655853429874699,0.1485981308411215
bert_attack,reviews,xlmr_base,,1914,r1.0,B3,B4,1076,0.11802973977695168,0.02973977695167286,58,26,0.0006279472715818218,0.08828996282527882
bert_attack,reviews,xlmr_base,,2024,,B0,B1,1098,0.1284153005464481,0.002732240437158473,40,37,0.8198929037490487,0.12568306010928962
bert_attack,reviews,xlmr_base,,2024,,B0,B2,1104,0.12681159420289856,-0.001811594202898531,35,37,0.9062943247030809,0.1286231884057971
bert_attack,reviews,xlmr_base,,2024,,B0,B3,1103,0.13055303717135086,0.002719854941069799,39,36,0.8175538505509844,0.12783318223028106
bert_attack,reviews,xlmr_base,,2024,,B0,B4,1111,0.1188118811881188,-0.014401440144014399,26,42,0.06811867428409976,0.1332133213321332
bert_attack,reviews,xlmr_base,,2024,,B0,B5,1103,0.1441523118766999,0.017225747960108784,49,30,0.042165443994951105,0.12692656391659113
bert_attack,reviews,xlmr_base,,2024,,B0,B6,1095,0.10410958904109589,-0.015525114155251138,27,44,0.05681467793283902,0.11963470319634703
bert_attack,reviews,xlmr_base,,2024,,B0,B7,1088,0.11121323529411764,-0.011029411764705885,23,35,0.14800580076020597,0.12224264705882353
bert_attack,reviews,xlmr_base,,2024,,B1,B2,1125,0.14044444444444446,-0.0026666666666666505,32,35,0.807194691367025,0.1431111111111111
bert_attack,reviews,xlmr_base,,2024,,B1,B3,1111,0.135013501350135,-0.0009000900090009034,32,33,1.0,0.13591359135913592
bert_attack,reviews,xlmr_base,,2024,,B1,B4,1118,0.12075134168157424,-0.01878354203935599,26,47,0.018617751433194638,0.13953488372093023
bert_attack,reviews,xlmr_base,,2024,,B1,B5,1119,0.15192135835567472,0.01072386058981234,41,29,0.18821620302302766,0.14119749776586238
bert_attack,reviews,xlmr_base,,2024,,B1,B6,1102,0.11161524500907441,-0.017241379310344834,28,47,0.03695490402736831,0.12885662431941924
bert_attack,reviews,xlmr_base,,2024,,B1,B7,1101,0.11807447774750227,-0.014532243415077195,28,44,0.07636915467183139,0.13260672116257946
bert_attack,reviews,xlmr_base,,2024,,B2,B3,1116,0.13799283154121864,-0.0026881720430107503,33,36,0.8099490529189247,0.14068100358422939
bert_attack,reviews,xlmr_base,,2024,,B2,B4,1127,0.129547471162378,-0.01153504880212955,27,40,0.14207137942637568,0.14108251996450755
bert_attack,reviews,xlmr_base,,2024,,B2,B5,1120,0.15267857142857144,0.01428571428571429,45,29,0.08050685743008212,0.13839285714285715
bert_attack,reviews,xlmr_base,,2024,,B2,B6,1110,0.11171171171171171,-0.01891891891891892,28,49,0.02203345876482212,0.13063063063063063
bert_attack,reviews,xlmr_base,,2024,,B2,B7,1115,0.12556053811659193,-0.013452914798206289,26,41,0.08643723427347086,0.13901345291479822
bert_attack,reviews,xlmr_base,,2024,,B3,B4,1117,0.12623097582811102,-0.012533572068039373,27,41,0.11425430684992328,0.1387645478961504
bert_attack,reviews,xlmr_base,,2024,,B3,B5,1114,0.1526032315978456,0.014362657091561953,45,29,0.08050685743008212,0.13824057450628366
bert_attack,reviews,xlmr_base,,2024,,B3,B6,1104,0.11413043478260869,-0.01539855072463768,29,46,0.06394991646706695,0.12952898550724637
bert_attack,reviews,xlmr_base,,2024,,B3,B7,1104,0.12047101449275362,-0.01177536231884059,30,43,0.15971168311801956,0.1322463768115942
bert_attack,reviews,xlmr_base,,2024,,B4,B5,1122,0.15953654188948307,0.03386809269162211,63,25,6.27038277122379e-05,0.12566844919786097
bert_attack,reviews,xlmr_base,,2024,,B4,B6,1116,0.11917562724014337,-0.0017921146953405048,40,42,0.9121566075526039,0.12096774193548387
bert_attack,reviews,xlmr_base,,2024,,B4,B7,1106,0.1220614828209765,0.0036166365280289325,34,30,0.707980754134764,0.11844484629294756
bert_attack,reviews,xlmr_base,,2024,,B5,B6,1105,0.1158371040723982,-0.028959276018099556,24,56,0.0004515172719148107,0.14479638009049775
bert_attack,reviews,xlmr_base,,2024,,B5,B7,1103,0.11967361740707162,-0.025385312783318223,22,50,0.0012935849626762883,0.14505893019038985
bert_attack,reviews,xlmr_base,,2024,,B6,B7,1094,0.11243144424131626,0.0036563071297988914,36,32,0.7163007601543369,0.10877513711151737
bert_attack,reviews,xlmr_base,,2024,full78k,B0,B2,1087,0.07543698252069918,-0.03403863845446181,19,56,2.242964215897027e-05,0.10947562097516099
bert_attack,reviews,xlmr_base,,2024,full78k,B0,B3,1095,0.0958904109589041,-0.0228310502283105,28,53,0.007275502036308497,0.1187214611872146
bert_attack,reviews,xlmr_base,,2024,full78k,B0,B4,1099,0.10646041856232939,-0.01273885350318471,29,43,0.12491820036864003,0.1191992720655141
bert_attack,reviews,xlmr_base,,2024,full78k,B2,B3,1098,0.09744990892531877,0.02003642987249546,45,23,0.01033766119369546,0.07741347905282331
bert_attack,reviews,xlmr_base,,2024,full78k,B2,B4,1079,0.09731232622798888,0.028730305838739575,55,24,0.0006393977673643525,0.0685820203892493
bert_attack,reviews,xlmr_base,,2024,full78k,B3,B4,1101,0.10717529518619437,0.009990917347865572,43,32,0.24804574189252795,0.0971843778383288
bert_attack,reviews,xlmr_base,,2024,pool10x20,B0,B3,1094,0.1343692870201097,0.004570383912248649,44,39,0.6608836477612148,0.12979890310786105
bert_attack,reviews,xlmr_base,,2024,pool10x20,B0,B4,1088,0.1332720588235294,0.011029411764705885,47,35,0.22424452830608177,0.12224264705882353
bert_attack,reviews,xlmr_base,,2024,pool10x20,B0,B5,1081,0.14708603145235893,0.032377428307123035,60,25,0.00018679938527835335,0.1147086031452359
bert_attack,reviews,xlmr_base,,2024,pool10x20,B3,B4,1097,0.13855970829535097,0.002734731084776676,41,38,0.8221442424521855,0.1358249772105743
bert_attack,reviews,xlmr_base,,2024,pool10x20,B3,B5,1074,0.15083798882681565,0.022346368715083803,65,41,0.02502134999189903,0.12849162011173185
bert_attack,reviews,xlmr_base,,2024,pool10x20,B4,B5,1073,0.14725069897483692,0.019571295433364416,61,40,0.046044066929342806,0.1276794035414725
bert_attack,reviews,xlmr_base,,2024,r1.0,B0,B2,1102,0.13430127041742287,0.00544464609800363,43,37,0.5764306261883931,0.12885662431941924
bert_attack,reviews,xlmr_base,,2024,r1.0,B0,B3,1087,0.11683532658693652,-0.005519779208831649,43,49,0.6024122776961509,0.12235510579576817
bert_attack,reviews,xlmr_base,,2024,r1.0,B0,B4,1086,0.1427255985267035,0.018416206261510124,56,36,0.047011561644854,0.12430939226519337
bert_attack,reviews,xlmr_base,,2024,r1.0,B2,B3,1096,0.12135036496350365,-0.011861313868613138,33,46,0.17661055306016413,0.1332116788321168
bert_attack,reviews,xlmr_base,,2024,r1.0,B2,B4,1101,0.14895549500454133,0.013623978201634884,56,41,0.1548157850344286,0.13533151680290645
bert_attack,reviews,xlmr_base,,2024,r1.0,B3,B4,1099,0.15013648771610555,0.02547770700636942,57,29,0.003353274658067905,0.12465878070973613
bert_attack,reviews,xlmr_base,,7,,B0,B1,1098,0.12568306010928962,0.02641165755919854,56,27,0.0019314374822250473,0.09927140255009108
bert_attack,reviews,xlmr_base,,7,,B0,B2,1097,0.1349134001823154,0.03555150410209662,62,23,2.7713609491245692e-05,0.09936189608021878
bert_attack,reviews,xlmr_base,,7,,B0,B3,1093,0.12168344007319305,0.02470265324794145,54,27,0.0035963477188240634,0.0969807868252516
bert_attack,reviews,xlmr_base,,7,,B0,B4,1097,0.12853236098450319,0.030082041932543296,62,29,0.0007053414522927507,0.09845031905195989
bert_attack,reviews,xlmr_base,,7,,B0,B5,1091,0.16498625114573787,0.06599450045829515,91,19,1.867566590973553e-12,0.09899175068744272
bert_attack,reviews,xlmr_base,,7,,B0,B6,1096,0.12864963503649635,0.029197080291970795,58,26,0.0006279472715818218,0.09945255474452555
bert_attack,reviews,xlmr_base,,7,,B0,B7,1101,0.08719346049046321,-0.015440508628519534,33,50,0.07841962481580761,0.10263396911898275
bert_attack,reviews,xlmr_base,,7,,B1,B2,1112,0.14838129496402877,0.01528776978417265,43,26,0.053289363816513634,0.13309352517985612
bert_attack,reviews,xlmr_base,,7,,B1,B3,1105,0.13122171945701358,-0.0009049773755656076,33,34,1.0,0.1321266968325792
bert_attack,reviews,xlmr_base,,7,,B1,B4,1105,0.13574660633484162,0.005429864253393646,41,35,0.5665734423986847,0.13031674208144797
bert_attack,reviews,xlmr_base,,7,,B1,B5,1101,0.17075386012715713,0.038147138964577665,72,30,3.885014426598705e-05,0.13260672116257946
bert_attack,reviews,xlmr_base,,7,,B1,B6,1105,0.13574660633484162,0.008144796380090497,41,32,0.3491818381705883,0.12760180995475112
bert_attack,reviews,xlmr_base,,7,,B1,B7,1097,0.09115770282588878,-0.03646308113035551,25,65,2.966452922520188e-05,0.1276207839562443
bert_attack,reviews,xlmr_base,,7,,B2,B3,1104,0.1286231884057971,-0.015398550724637694,35,52,0.08568897435916663,0.14402173913043478
bert_attack,reviews,xlmr_base,,7,,B2,B4,1112,0.13399280575539568,-0.011690647482014399,33,46,0.17661055306016413,0.14568345323741008
bert_attack,reviews,xlmr_base,,7,,B2,B5,1101,0.17075386012715713,0.02633969118982743,58,29,0.0024794197938160733,0.1444141689373297
bert_attack,reviews,xlmr_base,,7,,B2,B6,1101,0.12897366030881016,-0.010899182561307924,35,47,0.22424452830608177,0.13987284287011809
bert_attack,reviews,xlmr_base,,7,,B2,B7,1096,0.08941605839416059,-0.050182481751824826,21,76,1.7194329935998185e-08,0.1395985401459854
bert_attack,reviews,xlmr_base,,7,,B3,B4,1104,0.1322463768115942,0.006340579710144928,38,31,0.4703685318581444,0.12590579710144928
bert_attack,reviews,xlmr_base,,7,,B3,B5,1096,0.1687956204379562,0.04105839416058393,69,24,3.30289410703595e-06,0.12773722627737227
bert_attack,reviews,xlmr_base,,7,,B3,B6,1099,0.13102820746132848,0.004549590536851694,42,37,0.6529643755164596,0.1264786169244768
bert_attack,reviews,xlmr_base,,7,,B3,B7,1089,0.0881542699724518,-0.033976124885215786,23,60,5.973595638605141e-05,0.12213039485766758
bert_attack,reviews,xlmr_base,,7,,B4,B5,1099,0.16924476797088261,0.03730664240218379,71,30,5.5330705875801516e-05,0.13193812556869883
bert_attack,reviews,xlmr_base,,7,,B4,B6,1101,0.13169845594913715,0.0009082652134423386,39,38,1.0,0.1307901907356948
bert_attack,reviews,xlmr_base,,7,,B4,B7,1100,0.0890909090909091,-0.039999999999999994,22,66,2.8793907495367234e-06,0.1290909090909091
bert_attack,reviews,xlmr_base,,7,,B5,B6,1097,0.1349134001823154,-0.03190519598906108,32,67,0.000562208248357049,0.16681859617137648
bert_attack,reviews,xlmr_base,,7,,B5,B7,1092,0.09340659340659341,-0.07967032967032966,15,102,4.4392579606968533e-17,0.17307692307692307
bert_attack,reviews,xlmr_base,,7,,B6,B7,1090,0.0889908256880734,-0.043119266055045874,19,66,3.040683333139466e-07,0.13211009174311927
bert_attack,reviews,xlmr_base,,7,full78k,B0,B2,1090,0.13669724770642203,0.02018348623853211,52,30,0.019826915845841595,0.11651376146788991
bert_attack,reviews,xlmr_base,,7,full78k,B0,B3,1084,0.09225092250922509,-0.016605166051660514,33,51,0.06297225703616971,0.1088560885608856
bert_attack,reviews,xlmr_base,,7,full78k,B0,B4,1103,0.10698096101541252,-0.013599274705349038,32,47,0.11466035574580126,0.12058023572076156
bert_attack,reviews,xlmr_base,,7,full78k,B2,B3,1092,0.09706959706959707,-0.03754578754578754,31,72,6.59633262692302e-05,0.1346153846153846
bert_attack,reviews,xlmr_base,,7,full78k,B2,B4,1103,0.10698096101541252,-0.03535811423390753,25,64,4.3215209249838775e-05,0.14233907524932005
bert_attack,reviews,xlmr_base,,7,full78k,B3,B4,1093,0.09515096065873742,0.001829826166514184,42,40,0.9121566075526039,0.09332113449222323
bert_attack,reviews,xlmr_base,,7,pool10x20,B0,B3,1094,0.11151736745886655,0.00822669104204754,48,39,0.3911909653007528,0.10329067641681901
bert_attack,reviews,xlmr_base,,7,pool10x20,B0,B4,1102,0.09891107078039928,0.001814882032667886,36,34,0.9049745264594623,0.09709618874773139
bert_attack,reviews,xlmr_base,,7,pool10x20,B0,B5,1088,0.16911764705882354,0.07261029411764706,93,14,1.7572571105611998e-15,0.09650735294117647
bert_attack,reviews,xlmr_base,,7,pool10x20,B3,B4,1092,0.10164835164835165,-0.0027472527472527514,38,41,0.8221442424521855,0.1043956043956044
bert_attack,reviews,xlmr_base,,7,pool10x20,B3,B5,1074,0.1713221601489758,0.06610800744878959,91,20,5.252559123485004e-12,0.10521415270018622
bert_attack,reviews,xlmr_base,,7,pool10x20,B4,B5,1081,0.16743755781683625,0.0730804810360777,93,14,1.7572571105611998e-15,0.09435707678075855
bert_attack,unlp,xlmr_base,,1914,,B0,B2,287,0.08362369337979095,-0.02090592334494773,8,14,0.28627872467041016,0.10452961672473868
bert_attack,unlp,xlmr_base,,1914,,B0,B3,288,0.09722222222222222,-0.02083333333333333,7,13,0.26317596435546875,0.11805555555555555
bert_attack,unlp,xlmr_base,,1914,,B0,B4,296,0.09797297297297297,-0.02027027027027027,8,14,0.28627872467041016,0.11824324324324324
bert_attack,unlp,xlmr_base,,1914,,B2,B3,291,0.10309278350515463,0.0,12,12,1.0,0.10309278350515463
bert_attack,unlp,xlmr_base,,1914,,B2,B4,296,0.09797297297297297,-0.0033783783783783855,7,8,1.0,0.10135135135135136
bert_attack,unlp,xlmr_base,,1914,,B3,B4,300,0.12,0.006666666666666668,12,10,0.8318119049072266,0.11333333333333333
bert_attack,unlp,xlmr_base,,2024,,B0,B2,309,0.11003236245954692,-0.035598705501618116,10,21,0.07075554598122835,0.14563106796116504
bert_attack,unlp,xlmr_base,,2024,,B0,B3,265,0.10566037735849057,-0.007547169811320753,22,24,0.8829959121223965,0.11320754716981132
bert_attack,unlp,xlmr_base,,2024,,B0,B4,295,0.09491525423728814,-0.030508474576271177,9,18,0.12207812070846558,0.12542372881355932
bert_attack,unlp,xlmr_base,,2024,,B2,B3,258,0.10465116279069768,0.05038759689922481,23,10,0.03508203336969018,0.05426356589147287
bert_attack,unlp,xlmr_base,,2024,,B2,B4,285,0.07719298245614035,-0.0035087719298245584,12,13,1.0,0.08070175438596491
bert_attack,unlp,xlmr_base,,2024,,B3,B4,270,0.08888888888888889,-0.011111111111111113,14,17,0.720100131817162,0.1
bert_attack,unlp,xlmr_base,,7,,B0,B2,292,0.10273972602739725,-0.0136986301369863,8,12,0.5034446716308594,0.11643835616438356
bert_attack,unlp,xlmr_base,,7,,B0,B3,303,0.1353135313531353,0.00990099009900991,12,9,0.6636238098144531,0.1254125412541254
bert_attack,unlp,xlmr_base,,7,,B0,B4,301,0.09634551495016612,-0.02657807308970099,8,16,0.15158963203430176,0.12292358803986711
bert_attack,unlp,xlmr_base,,7,,B2,B3,299,0.13377926421404682,0.020066889632107024,17,11,0.34492845088243484,0.11371237458193979
bert_attack,unlp,xlmr_base,,7,,B2,B4,289,0.08996539792387544,-0.01384083044982698,13,17,0.584664711728692,0.10380622837370242
bert_attack,unlp,xlmr_base,,7,,B3,B4,302,0.09602649006622517,-0.036423841059602655,7,18,0.043285250663757324,0.13245033112582782
textfooler,news,xlmr_base,wsd035,1914,,B0,B2,1352,0.09023668639053255,-0.006656804733727803,36,45,0.3741744176047079,0.09689349112426035
textfooler,news,xlmr_base,wsd035,1914,,B0,B3,1344,0.06994047619047619,-0.023809523809523808,32,64,0.001424496094649118,0.09375
textfooler,news,xlmr_base,wsd035,1914,,B0,B4,1351,0.07846039970392302,-0.015544041450777202,30,51,0.02565435797169625,0.09400444115470022
textfooler,news,xlmr_base,wsd035,1914,,B2,B3,1345,0.0691449814126394,-0.017100371747211893,27,50,0.01167272102438307,0.0862453531598513
textfooler,news,xlmr_base,wsd035,1914,,B2,B4,1356,0.08112094395280237,-0.011061946902654857,23,38,0.07217743850092258,0.09218289085545722
textfooler,news,xlmr_base,wsd035,1914,,B3,B4,1349,0.07783543365455893,0.007412898443291321,43,33,0.3018724904870077,0.07042253521126761
textfooler,news,xlmr_base,,1914,,B0,B2,1352,0.09985207100591716,-0.008875739644970418,34,46,0.2185180394787037,0.10872781065088757
textfooler,news,xlmr_base,,1914,,B0,B3,1344,0.07291666666666667,-0.03273809523809523,27,71,1.011275213759831e-05,0.1056547619047619
textfooler,news,xlmr_base,,1914,,B0,B4,1351,0.08882309400444116,-0.01702442635085122,31,54,0.016508822028535212,0.10584752035529238
textfooler,news,xlmr_base,,1914,,B2,B3,1345,0.07137546468401487,-0.024535315985130104,23,56,0.00026363677646526896,0.09591078066914498
textfooler,news,xlmr_base,,1914,,B2,B4,1356,0.09144542772861357,-0.010324483775811216,25,39,0.10342187831608089,0.10176991150442478
textfooler,news,xlmr_base,,1914,,B3,B4,1349,0.08821349147516679,0.014825796886582643,49,29,0.030786495821399938,0.07338769458858414
textfooler,reviews,ukr_roberta,wsd035,1914,,B0,B2,1031,0.553831231813773,-0.006789524733268659,96,103,0.670704345731579,0.5606207565470417
textfooler,reviews,ukr_roberta,wsd035,1914,,B0,B3,1037,0.35390549662487947,-0.20925747348119572,40,257,5.911407692511838e-40,0.5631629701060752
textfooler,reviews,ukr_roberta,wsd035,1914,,B0,B4,1040,0.3548076923076923,-0.20865384615384613,35,252,1.1030093746895377e-41,0.5634615384615385
textfooler,reviews,ukr_roberta,wsd035,1914,,B0,B5,1045,0.7588516746411483,0.19521531100478473,223,19,2.412362610402228e-45,0.5636363636363636
textfooler,reviews,ukr_roberta,wsd035,1914,,B2,B3,1039,0.35611164581328203,-0.19923002887391716,19,226,3.841053255611741e-46,0.5553416746871992
textfooler,reviews,ukr_roberta,wsd035,1914,,B2,B4,1045,0.3598086124401914,-0.1980861244019138,15,222,1.9736612477024374e-48,0.5578947368421052
textfooler,reviews,ukr_roberta,wsd035,1914,,B2,B5,1029,0.7541302235179786,0.20213799805636545,226,18,5.92922818416723e-47,0.5519922254616132
textfooler,reviews,ukr_roberta,wsd035,1914,,B3,B4,1057,0.3651844843897824,0.0028382213812677137,69,66,0.8634152303019917,0.3623462630085147
textfooler,reviews,ukr_roberta,wsd035,1914,,B3,B5,1019,0.7546614327772326,0.40726202158979397,425,10,1.3904152251772432e-111,0.34739941118743867
textfooler,reviews,ukr_roberta,wsd035,1914,,B4,B5,1024,0.75390625,0.40234375,424,12,9.806926754017339e-109,0.3515625
textfooler,reviews,ukr_roberta,wsd035,2024,,B0,B2,1062,0.435969868173258,-0.08003766478342744,52,137,5.107504614614215e-10,0.5160075329566854
textfooler,reviews,ukr_roberta,wsd035,2024,,B0,B3,1030,0.35436893203883496,-0.15242718446601938,41,198,7.276838098288827e-26,0.5067961165048543
textfooler,reviews,ukr_roberta,wsd035,2024,,B0,B4,1051,0.35965746907706947,-0.15509039010466225,38,201,5.6912804991652555e-28,0.5147478591817317
textfooler,reviews,ukr_roberta,wsd035,2024,,B0,B5,1053,0.7283950617283951,0.2127255460588794,233,9,1.9857513861992275e-57,0.5156695156695157
textfooler,reviews,ukr_roberta,wsd035,2024,,B2,B3,1028,0.35116731517509725,-0.07392996108949418,52,128,1.3962041600949037e-08,0.42509727626459143
textfooler,reviews,ukr_roberta,wsd035,2024,,B2,B4,1037,0.351976856316297,-0.07714561234329798,58,138,1.055299376628468e-08,0.42912246865959497
textfooler,reviews,ukr_roberta,wsd035,2024,,B2,B5,1048,0.7242366412213741,0.29293893129771,324,17,1.0063230547915557e-74,0.4312977099236641
textfooler,reviews,ukr_roberta,wsd035,2024,,B3,B4,1037,0.351976856316297,-0.002892960462873684,69,72,0.8663215847696165,0.3548698167791707
textfooler,reviews,ukr_roberta,wsd035,2024,,B3,B5,1022,0.7201565557729941,0.3679060665362035,387,11,2.757753795632136e-99,0.3522504892367906
textfooler,reviews,ukr_roberta,wsd035,2024,,B4,B5,1038,0.7244701348747592,0.36801541425818884,392,10,5.390515683763606e-102,0.35645472061657035
textfooler,reviews,ukr_roberta,wsd035,7,,B0,B2,1034,0.5870406189555126,0.01740812379110257,92,74,0.1868538216468368,0.5696324951644101
textfooler,reviews,ukr_roberta,wsd035,7,,B0,B3,1042,0.3253358925143954,-0.2456813819577735,26,282,1.7811358910421816e-55,0.5710172744721689
textfooler,reviews,ukr_roberta,wsd035,7,,B0,B4,1031,0.3860329776915616,-0.18137730358874876,43,230,4.624510949519698e-32,0.5674102812803103
textfooler,reviews,ukr_roberta,wsd035,7,,B0,B5,1048,0.7471374045801527,0.1765267175572519,202,17,2.3602568733234465e-41,0.5706106870229007
textfooler,reviews,ukr_roberta,wsd035,7,,B2,B3,1024,0.3212890625,-0.2646484375,17,288,9.951587361160378e-65,0.5859375
textfooler,reviews,ukr_roberta,wsd035,7,,B2,B4,1030,0.3864077669902913,-0.1980582524271845,19,223,2.412362610402228e-45,0.5844660194174758
textfooler,reviews,ukr_roberta,wsd035,7,,B2,B5,1042,0.746641074856046,0.15834932821497116,188,23,2.2148949006124112e-33,0.5882917466410749
textfooler,reviews,ukr_roberta,wsd035,7,,B3,B4,1040,0.3894230769230769,0.06442307692307692,116,49,1.9072175895127608e-07,0.325
textfooler,reviews,ukr_roberta,wsd035,7,,B3,B5,1039,0.7449470644850819,0.4177093358999038,444,10,4.0804182230193636e-117,0.3272377285851781
textfooler,reviews,ukr_roberta,wsd035,7,,B4,B5,1043,0.7468839884947267,0.3557046979865771,382,11,7.668261367815997e-98,0.3911792905081496
textfooler,reviews,ukr_roberta,,1914,,B0,B2,1031,0.5838991270611057,-0.009699321047526688,87,97,0.5071267761548864,0.5935984481086324
textfooler,reviews,ukr_roberta,,1914,,B0,B3,1037,0.36258437801350046,-0.2333654773384764,31,273,1.6075466912110763e-49,0.5959498553519769
textfooler,reviews,ukr_roberta,,1914,,B0,B4,1040,0.37596153846153846,-0.2201923076923077,31,260,3.1770007331375906e-46,0.5961538461538461
textfooler,reviews,ukr_roberta,,1914,,B0,B5,1045,0.7789473684210526,0.18373205741626797,208,16,8.909096393498684e-44,0.5952153110047846
textfooler,reviews,ukr_roberta,,1914,,B2,B3,1039,0.3647738209817132,-0.22040423484119342,18,247,1.3070155383226993e-52,0.5851780558229066
textfooler,reviews,ukr_roberta,,1914,,B2,B4,1045,0.3799043062200957,-0.20765550239234448,15,232,3.639066006963212e-51,0.5875598086124402
textfooler,reviews,ukr_roberta,,1914,,B2,B5,1029,0.7755102040816326,0.19339164237123418,215,16,1.1552701778567242e-45,0.5821185617103984
textfooler,reviews,ukr_roberta,,1914,,B3,B4,1057,0.3859981078524125,0.015137180700094621,80,64,0.21115264054329339,0.3708609271523179
textfooler,reviews,ukr_roberta,,1914,,B3,B5,1019,0.7762512266928361,0.42001962708537777,436,8,1.5765826952005081e-117,0.3562315996074583
textfooler,reviews,ukr_roberta,,1914,,B4,B5,1024,0.775390625,0.404296875,426,12,2.5916190353015883e-109,0.37109375
textfooler,reviews,ukr_roberta,,2024,,B0,B2,1062,0.4623352165725047,-0.08757062146892652,50,143,1.4161347838070956e-11,0.5499058380414312
textfooler,reviews,ukr_roberta,,2024,,B0,B3,1030,0.3796116504854369,-0.1611650485436893,46,212,1.2002809268171462e-26,0.5407766990291262
textfooler,reviews,ukr_roberta,,2024,,B0,B4,1051,0.38629876308277833,-0.16079923882017122,42,211,2.8367970278904027e-28,0.5470980019029495
textfooler,reviews,ukr_roberta,,2024,,B0,B5,1053,0.7511870845204178,0.20322886989553657,224,10,8.460228320456236e-54,0.5479582146248813
textfooler,reviews,ukr_roberta,,2024,,B2,B3,1028,0.3764591439688716,-0.07490272373540857,53,130,1.1867343137363452e-08,0.45136186770428016
textfooler,reviews,ukr_roberta,,2024,,B2,B4,1037,0.3809064609450338,-0.07425265188042429,68,145,1.4152056346805137e-07,0.45515911282545807
textfooler,reviews,ukr_roberta,,2024,,B2,B5,1048,0.7480916030534351,0.29007633587786263,320,16,1.3192926938849684e-74,0.4580152671755725
textfooler,reviews,ukr_roberta,,2024,,B3,B4,1037,0.3799421407907425,0.0,79,79,1.0,0.3799421407907425
textfooler,reviews,ukr_roberta,,2024,,B3,B5,1022,0.7436399217221135,0.3679060665362035,387,11,2.757753795632136e-99,0.37573385518590996
textfooler,reviews,ukr_roberta,,2024,,B4,B5,1038,0.7475915221579962,0.36512524084778425,389,10,3.9985641528130916e-101,0.38246628131021193
textfooler,reviews,ukr_roberta,,7,,B0,B2,1034,0.6121856866537717,0.008704061895551174,84,75,0.5259245063255021,0.6034816247582205
textfooler,reviews,ukr_roberta,,7,,B0,B3,1042,0.3474088291746641,-0.2562380038387716,23,290,5.489163115880176e-60,0.6036468330134357
textfooler,reviews,ukr_roberta,,7,,B0,B4,1031,0.4131910766246363,-0.18719689621726476,37,230,3.215050065884129e-35,0.600387972841901
textfooler,reviews,ukr_roberta,,7,,B0,B5,1048,0.7795801526717557,0.1774809160305344,203,17,1.2783914799599094e-41,0.6020992366412213
textfooler,reviews,ukr_roberta,,7,,B2,B3,1024,0.34375,-0.2666015625,20,293,2.3152460908430766e-63,0.6103515625
textfooler,reviews,ukr_roberta,,7,,B2,B4,1030,0.41359223300970877,-0.19611650485436888,24,226,2.2615604903637503e-42,0.6097087378640776
textfooler,reviews,ukr_roberta,,7,,B2,B5,1042,0.7783109404990403,0.16602687140115158,192,19,3.483065258554534e-37,0.6122840690978887
textfooler,reviews,ukr_roberta,,7,,B3,B4,1040,0.4182692307692308,0.07019230769230772,121,48,1.8511158153755e-08,0.34807692307692306
textfooler,reviews,ukr_roberta,,7,,B3,B5,1039,0.7767083734359962,0.42733397497593845,453,9,4.186123204332465e-121,0.34937439846005774
textfooler,reviews,ukr_roberta,,7,,B4,B5,1043,0.7785234899328859,0.3585810162991371,385,11,1.0430508102499647e-98,0.4199424736337488
textfooler,reviews,xlmr_base,wsd035,1914,,B0,B1,1077,0.38254410399257194,0.0408542246982358,130,86,0.0033415572682082887,0.34168987929433614
textfooler,reviews,xlmr_base,wsd035,1914,,B0,B2,1087,0.32842686292548295,-0.02023919043238276,82,104,0.12337992934568406,0.3486660533578657
textfooler,reviews,xlmr_base,wsd035,1914,,B0,B3,1088,0.26746323529411764,-0.08088235294117646,53,141,2.06393982938988e-10,0.3483455882352941
textfooler,reviews,xlmr_base,wsd035,1914,,B0,B4,1096,0.2572992700729927,-0.09124087591240876,59,159,8.65931228079926e-12,0.34854014598540145
textfooler,reviews,xlmr_base,wsd035,1914,,B0,B5,1079,0.5449490268767377,0.20018535681186284,246,30,2.32289786037271e-43,0.3447636700648749
textfooler,reviews,xlmr_base,wsd035,1914,,B0,B6,1103,0.35539437896645515,0.0036264732547597878,98,94,0.828663429173007,0.35176790571169536
textfooler,reviews,xlmr_base,wsd035,1914,,B0,B7,1097,0.33546034639927075,-0.016408386508659945,85,103,0.21492179659284352,0.3518687329079307
textfooler,reviews,xlmr_base,wsd035,1914,,B1,B2,1066,0.3198874296435272,-0.06285178236397754,78,145,8.534759391463539e-06,0.3827392120075047
textfooler,reviews,xlmr_base,wsd035,1914,,B1,B3,1077,0.25998142989786444,-0.12163416898792945,47,178,3.915341724303685e-19,0.3816155988857939
textfooler,reviews,xlmr_base,wsd035,1914,,B1,B4,1081,0.2488436632747456,-0.1341350601295097,42,187,4.9866651093057426e-23,0.3829787234042553
textfooler,reviews,xlmr_base,wsd035,1914,,B1,B5,1078,0.5445269016697588,0.16233766233766234,217,42,1.2874853291890968e-29,0.3821892393320965
textfooler,reviews,xlmr_base,wsd035,1914,,B1,B6,1081,0.34782608695652173,-0.038852913968547675,80,122,0.003808622600903978,0.3866790009250694
textfooler,reviews,xlmr_base,wsd035,1914,,B1,B7,1063,0.32455315145813735,-0.05644402634054563,75,135,4.179986758487638e-05,0.380997177798683
textfooler,reviews,xlmr_base,wsd035,1914,,B2,B3,1086,0.26795580110497236,-0.06169429097605894,55,122,5.194305648357268e-07,0.3296500920810313
textfooler,reviews,xlmr_base,wsd035,1914,,B2,B4,1083,0.2530009233610342,-0.07571560480147738,49,131,8.018118540359952e-10,0.32871652816251157
textfooler,reviews,xlmr_base,wsd035,1914,,B2,B5,1070,0.5457943925233645,0.2261682242990654,273,31,1.6075466912110763e-49,0.31962616822429907
textfooler,reviews,xlmr_base,wsd035,1914,,B2,B6,1089,0.3516988062442608,0.019283746556473857,95,74,0.12368263020457373,0.33241505968778695
textfooler,reviews,xlmr_base,wsd035,1914,,B2,B7,1086,0.3379373848987109,0.008287292817679592,98,89,0.558652331741765,0.3296500920810313
textfooler,reviews,xlmr_base,wsd035,1914,,B3,B4,1093,0.252516010978957,-0.013723696248856387,67,82,0.251331117482094,0.26623970722781337
textfooler,reviews,xlmr_base,wsd035,1914,,B3,B5,1079,0.5440222428174235,0.28637627432808155,326,17,2.7845253189801003e-75,0.25764596848934196
textfooler,reviews,xlmr_base,wsd035,1914,,B3,B6,1093,0.35315645013723695,0.08325709057639524,132,41,2.3696530342934754e-12,0.2698993595608417
textfooler,reviews,xlmr_base,wsd035,1914,,B3,B7,1087,0.3330266789328427,0.06531738730450787,129,58,2.224371043736545e-07,0.26770929162833484
textfooler,reviews,xlmr_base,wsd035,1914,,B4,B5,1076,0.5464684014869888,0.3011152416356877,341,17,1.7853629984909545e-79,0.24535315985130113
textfooler,reviews,xlmr_base,wsd035,1914,,B4,B6,1099,0.3548680618744313,0.0937215650591447,146,43,2.573175488023757e-14,0.2611464968152866
textfooler,reviews,xlmr_base,wsd035,1914,,B4,B7,1082,0.3299445471349353,0.0757855822550832,138,56,3.5668897166099552e-09,0.2541589648798521
textfooler,reviews,xlmr_base,wsd035,1914,,B5,B6,1082,0.3465804066543438,-0.20147874306839192,34,252,2.6780719560102327e-42,0.5480591497227357
textfooler,reviews,xlmr_base,wsd035,1914,,B5,B7,1073,0.3271202236719478,-0.2190121155638397,28,263,4.697019286541539e-49,0.5461323392357875
textfooler,reviews,xlmr_base,wsd035,1914,,B6,B7,1090,0.3339449541284404,-0.01651376146788991,86,104,0.2173561879393427,0.3504587155963303
textfooler,reviews,xlmr_base,wsd035,1914,full78k,B0,B2,1084,0.29981549815498154,-0.10424354243542439,59,172,5.2940255556205444e-14,0.4040590405904059
textfooler,reviews,xlmr_base,wsd035,1914,full78k,B0,B3,1069,0.13189897100093545,-0.2722170252572498,16,307,5.6761368176782855e-71,0.40411599625818523
textfooler,reviews,xlmr_base,wsd035,1914,full78k,B0,B4,1070,0.2102803738317757,-0.194392523364486,24,232,6.398950449435553e-44,0.4046728971962617
textfooler,reviews,xlmr_base,wsd035,1914,full78k,B2,B3,1099,0.1483166515013649,-0.15832575068243857,29,203,2.4412666433059303e-33,0.30664240218380345
textfooler,reviews,xlmr_base,wsd035,1914,full78k,B2,B4,1092,0.2206959706959707,-0.08424908424908428,51,143,2.7214941252995496e-11,0.30494505494505497
textfooler,reviews,xlmr_base,wsd035,1914,full78k,B3,B4,1105,0.22714932126696832,0.07782805429864253,117,31,5.924261607140779e-13,0.1493212669683258
textfooler,reviews,xlmr_base,wsd035,1914,pool10x20,B0,B3,1080,0.39537037037037037,0.04999999999999999,166,112,0.0014349934752858654,0.3453703703703704
textfooler,reviews,xlmr_base,wsd035,1914,pool10x20,B0,B4,1087,0.32382704691812325,-0.02483900643974246,113,140,0.10194275483952346,0.3486660533578657
textfooler,reviews,xlmr_base,wsd035,1914,pool10x20,B0,B5,1086,0.5966850828729282,0.2513812154696133,290,17,2.787477464459637e-65,0.3453038674033149
textfooler,reviews,xlmr_base,wsd035,1914,pool10x20,B3,B4,1083,0.31763619575253926,-0.07756232686980608,51,135,5.940611143342066e-10,0.39519852262234534
textfooler,reviews,xlmr_base,wsd035,1914,pool10x20,B3,B5,1072,0.5923507462686567,0.19962686567164178,255,41,6.426402440902049e-39,0.3927238805970149
textfooler,reviews,xlmr_base,wsd035,1914,pool10x20,B4,B5,1073,0.5945945945945946,0.27865796831314077,323,24,4.99594670034689e-68,0.31593662628145386
textfooler,reviews,xlmr_base,wsd035,1914,r0.25,B0,B2,1110,0.3108108108108108,-0.04414414414414414,70,119,0.0004495821066974848,0.35495495495495494
textfooler,reviews,xlmr_base,wsd035,1914,r0.25,B0,B3,1104,0.22826086956521738,-0.11956521739130435,37,169,2.3631482516384632e-21,0.34782608695652173
textfooler,reviews,xlmr_base,wsd035,1914,r0.25,B0,B4,1101,0.24069028156221617,-0.10990009082652136,36,157,3.2304174172360897e-19,0.3505903723887375
textfooler,reviews,xlmr_base,wsd035,1914,r0.25,B2,B3,1105,0.2334841628959276,-0.07782805429864253,46,132,8.024591151207573e-11,0.31131221719457014
textfooler,reviews,xlmr_base,wsd035,1914,r0.25,B2,B4,1101,0.24432334241598547,-0.06902815622161673,47,123,4.921803862976483e-09,0.3133514986376022
textfooler,reviews,xlmr_base,wsd035,1914,r0.25,B3,B4,1105,0.24524886877828053,0.011764705882352927,67,54,0.27525333440239125,0.2334841628959276
textfooler,reviews,xlmr_base,wsd035,1914,r1.0,B0,B2,1084,0.28690036900369004,-0.05996309963099633,73,138,9.033649284138236e-06,0.34686346863468637
textfooler,reviews,xlmr_base,wsd035,1914,r1.0,B0,B3,1099,0.181073703366697,-0.1683348498635123,30,215,1.1494023325768637e-35,0.3494085532302093
textfooler,reviews,xlmr_base,wsd035,1914,r1.0,B0,B4,1082,0.2134935304990758,-0.13031423290203328,31,172,7.007082885608694e-25,0.3438077634011091
textfooler,reviews,xlmr_base,wsd035,1914,r1.0,B2,B3,1069,0.16838166510757718,-0.11786716557530402,27,153,1.4524564833451776e-22,0.2862488306828812
textfooler,reviews,xlmr_base,wsd035,1914,r1.0,B2,B4,1070,0.21121495327102804,-0.07102803738317756,42,118,1.5014845969660218e-09,0.2822429906542056
textfooler,reviews,xlmr_base,wsd035,1914,r1.0,B3,B4,1076,0.2128252788104089,0.04739776951672861,92,41,1.1515889454893262e-05,0.1654275092936803
textfooler,reviews,xlmr_base,wsd035,2024,,B0,B1,1098,0.2887067395264117,-0.07559198542805096,59,142,4.4435915448929675e-09,0.36429872495446264
textfooler,reviews,xlmr_base,wsd035,2024,,B0,B2,1104,0.2898550724637681,-0.0778985507246377,55,141,6.787217243074881e-10,0.3677536231884058
textfooler,reviews,xlmr_base,wsd035,2024,,B0,B3,1103,0.19764279238440616,-0.16681776971894832,35,219,1.0052949091456496e-33,0.3644605621033545
textfooler,reviews,xlmr_base,wsd035,2024,,B0,B4,1111,0.2295229522952295,-0.14401440144014405,35,195,4.081494468908471e-28,0.37353735373537356
textfooler,reviews,xlmr_base,wsd035,2024,,B0,B5,1103,0.457842248413418,0.09156844968268363,160,59,5.905693375535459e-12,0.36627379873073435
textfooler,reviews,xlmr_base,wsd035,2024,,B0,B6,1095,0.3726027397260274,0.006392694063926951,107,100,0.6767596279775558,0.36621004566210047
textfooler,reviews,xlmr_base,wsd035,2024,,B0,B7,1088,0.3602941176470588,-0.0018382352941176405,100,102,0.943930473857126,0.36213235294117646
textfooler,reviews,xlmr_base,wsd035,2024,,B1,B2,1125,0.29688888888888887,-0.00622222222222224,73,80,0.627770907200369,0.3031111111111111
textfooler,reviews,xlmr_base,wsd035,2024,,B1,B3,1111,0.19801980198019803,-0.09720972097209718,33,141,4.227973572129874e-17,0.2952295229522952
textfooler,reviews,xlmr_base,wsd035,2024,,B1,B4,1118,0.22808586762075134,-0.073345259391771,44,126,2.334495368478459e-10,0.30143112701252234
textfooler,reviews,xlmr_base,wsd035,2024,,B1,B5,1119,0.46201966041108133,0.16264521894548706,221,39,4.865478029865852e-32,0.2993744414655943
textfooler,reviews,xlmr_base,wsd035,2024,,B1,B6,1102,0.3738656987295826,0.08076225045372054,154,65,1.6478863990541145e-09,0.29310344827586204
textfooler,reviews,xlmr_base,wsd035,2024,,B1,B7,1101,0.36330608537693004,0.07175295186194369,146,67,6.477035365661181e-08,0.29155313351498635
textfooler,reviews,xlmr_base,wsd035,2024,,B2,B3,1116,0.2025089605734767,-0.08870967741935484,40,139,5.172890389187334e-14,0.29121863799283154
textfooler,reviews,xlmr_base,wsd035,2024,,B2,B4,1127,0.2315882874889086,-0.06921029281277727,40,118,3.9660679320108615e-10,0.3007985803016859
textfooler,reviews,xlmr_base,wsd035,2024,,B2,B5,1120,0.4625,0.16964285714285715,227,37,1.6451756418776983e-34,0.29285714285714287
textfooler,reviews,xlmr_base,wsd035,2024,,B2,B6,1110,0.3792792792792793,0.08378378378378382,157,64,3.350823939249917e-10,0.2954954954954955
textfooler,reviews,xlmr_base,wsd035,2024,,B2,B7,1115,0.37130044843049326,0.07623318385650224,140,55,9.807017556742339e-10,0.295067264573991
textfooler,reviews,xlmr_base,wsd035,2024,,B3,B4,1117,0.22381378692927484,0.019695613249776173,74,52,0.06093825261566013,0.20411817367949867
textfooler,reviews,xlmr_base,wsd035,2024,,B3,B5,1114,0.4605026929982047,0.25763016157989227,306,19,7.973389017415434e-68,0.20287253141831238
textfooler,reviews,xlmr_base,wsd035,2024,,B3,B6,1104,0.3759057971014493,0.17753623188405798,229,33,2.8147567965438446e-37,0.1983695652173913
textfooler,reviews,xlmr_base,wsd035,2024,,B3,B7,1104,0.3641304347826087,0.1693840579710145,216,29,1.586810017808129e-36,0.1947463768115942
textfooler,reviews,xlmr_base,wsd035,2024,,B4,B5,1122,0.46524064171123,0.23351158645276296,287,25,1.4229420694116928e-57,0.23172905525846701
textfooler,reviews,xlmr_base,wsd035,2024,,B4,B6,1116,0.3826164874551971,0.1514336917562724,201,32,3.993752927926257e-31,0.23118279569892472
textfooler,reviews,xlmr_base,wsd035,2024,,B4,B7,1106,0.3688969258589512,0.14737793851717904,196,33,2.1265282613216434e-29,0.22151898734177214
textfooler,reviews,xlmr_base,wsd035,2024,,B5,B6,1105,0.3773755656108597,-0.08506787330316745,63,157,1.9210373990102782e-10,0.46244343891402717
textfooler,reviews,xlmr_base,wsd035,2024,,B5,B7,1103,0.3644605621033545,-0.09247506799637356,68,170,2.936981897899469e-11,0.45693563009972804
textfooler,reviews,xlmr_base,wsd035,2024,,B6,B7,1094,0.36654478976234006,-0.007312614259597783,88,96,0.6059427533583791,0.37385740402193784
textfooler,reviews,xlmr_base,wsd035,2024,full78k,B0,B2,1087,0.18675252989880406,-0.1573137074517019,36,207,2.2844880121781392e-30,0.34406623735050595
textfooler,reviews,xlmr_base,wsd035,2024,full78k,B0,B3,1095,0.3680365296803653,0.021004566210045705,160,137,0.20167499664920424,0.3470319634703196
textfooler,reviews,xlmr_base,wsd035,2024,full78k,B0,B4,1099,0.30846223839854414,-0.04003639672429482,87,131,0.0034916404946940417,0.34849863512283896
textfooler,reviews,xlmr_base,wsd035,2024,full78k,B2,B3,1098,0.37067395264116576,0.1766848816029144,256,62,3.7829985141741144e-29,0.19398907103825136
textfooler,reviews,xlmr_base,wsd035,2024,full78k,B2,B4,1079,0.30213160333642264,0.11677479147358669,184,58,1.8586989893082562e-16,0.18535681186283595
textfooler,reviews,xlmr_base,wsd035,2024,full78k,B3,B4,1101,0.3060853769300636,-0.06630336058128972,74,147,1.0294695177781862e-06,0.3723887375113533
textfooler,reviews,xlmr_base,wsd035,2024,pool10x20,B0,B3,1094,0.21755027422303475,-0.15082266910420472,35,200,2.8631086863553666e-29,0.36837294332723947
textfooler,reviews,xlmr_base,wsd035,2024,pool10x20,B0,B4,1088,0.2509191176470588,-0.11121323529411764,46,167,2.5399221044356567e-17,0.36213235294117646
textfooler,reviews,xlmr_base,wsd035,2024,pool10x20,B0,B5,1081,0.574468085106383,0.21646623496762263,264,30,6.481452043891492e-48,0.3580018501387604
textfooler,reviews,xlmr_base,wsd035,2024,pool10x20,B3,B4,1097,0.2515952597994531,0.03646308113035554,87,47,0.0006952100793318238,0.21513217866909753
textfooler,reviews,xlmr_base,wsd035,2024,pool10x20,B3,B5,1074,0.5754189944134078,0.3649906890130354,409,17,1.2274813989627276e-98,0.21042830540037244
textfooler,reviews,xlmr_base,wsd035,2024,pool10x20,B4,B5,1073,0.5712954333643989,0.3289841565703635,371,18,7.263612118217818e-87,0.2423112767940354
textfooler,reviews,xlmr_base,wsd035,2024,r1.0,B0,B2,1102,0.31669691470054445,-0.051724137931034475,84,141,0.00017568539431150887,0.3684210526315789
textfooler,reviews,xlmr_base,wsd035,2024,r1.0,B0,B3,1087,0.20423183072677092,-0.1628334866605336,36,213,9.152123802666649e-32,0.3670653173873045
textfooler,reviews,xlmr_base,wsd035,2024,r1.0,B0,B4,1086,0.23848987108655617,-0.12430939226519339,48,183,9.317953694943555e-20,0.36279926335174956
textfooler,reviews,xlmr_base,wsd035,2024,r1.0,B2,B3,1096,0.20802919708029197,-0.10675182481751824,41,158,2.1257893303906883e-17,0.3147810218978102
textfooler,reviews,xlmr_base,wsd035,2024,r1.0,B2,B4,1101,0.2452316076294278,-0.07084468664850135,48,126,2.9010347823875973e-09,0.31607629427792916
textfooler,reviews,xlmr_base,wsd035,2024,r1.0,B3,B4,1099,0.2411282984531392,0.02911737943585077,94,62,0.012813143553546107,0.21201091901728844
textfooler,reviews,xlmr_base,wsd035,7,,B0,B1,1098,0.34790528233151186,0.04462659380692169,124,75,0.0006307710005619392,0.30327868852459017
textfooler,reviews,xlmr_base,wsd035,7,,B0,B2,1097,0.29717411121239745,-0.00729261622607108,92,100,0.613547237593459,0.30446672743846853
textfooler,reviews,xlmr_base,wsd035,7,,B0,B3,1093,0.34858188472095153,0.04391582799634036,138,90,0.0017920737015369882,0.30466605672461117
textfooler,reviews,xlmr_base,wsd035,7,,B0,B4,1097,0.25888787602552416,-0.05104831358249773,69,125,7.059531424383367e-05,0.3099361896080219
textfooler,reviews,xlmr_base,wsd035,7,,B0,B5,1091,0.4922089825847846,0.1888175985334556,244,38,5.497436224524927e-38,0.30339138405132904
textfooler,reviews,xlmr_base,wsd035,7,,B0,B6,1096,0.37135036496350365,0.06751824817518248,140,66,2.7502929219712296e-07,0.30383211678832117
textfooler,reviews,xlmr_base,wsd035,7,,B0,B7,1101,0.30517711171662126,-0.004541326067211637,87,92,0.7650574199487109,0.3097184377838329
textfooler,reviews,xlmr_base,wsd035,7,,B1,B2,1112,0.30035971223021585,-0.055755395683453224,65,127,9.047629392044938e-06,0.35611510791366907
textfooler,reviews,xlmr_base,wsd035,7,,B1,B3,1105,0.35294117647058826,0.0018099547511312708,98,96,0.9427889997065577,0.351131221719457
textfooler,reviews,xlmr_base,wsd035,7,,B1,B4,1105,0.2642533936651584,-0.0904977375565611,54,154,2.50517559900278e-12,0.3547511312217195
textfooler,reviews,xlmr_base,wsd035,7,,B1,B5,1101,0.49591280653950953,0.1416893732970027,196,40,6.880300354644616e-26,0.3542234332425068
textfooler,reviews,xlmr_base,wsd035,7,,B1,B6,1105,0.3764705882352941,0.025339366515837125,109,81,0.04985144161687184,0.351131221719457
textfooler,reviews,xlmr_base,wsd035,7,,B1,B7,1097,0.30264357338195075,-0.046490428441203324,68,119,0.00023594309365666677,0.34913400182315407
textfooler,reviews,xlmr_base,wsd035,7,,B2,B3,1104,0.3523550724637681,0.05525362318840582,140,79,4.5246753112698486e-05,0.2971014492753623
textfooler,reviews,xlmr_base,wsd035,7,,B2,B4,1112,0.26888489208633093,-0.033273381294964044,70,107,0.006645653364320776,0.302158273381295
textfooler,reviews,xlmr_base,wsd035,7,,B2,B5,1101,0.49682107175295187,0.20072661217075388,255,34,4.87113577141339e-43,0.296094459582198
textfooler,reviews,xlmr_base,wsd035,7,,B2,B6,1101,0.37420526793823794,0.07720254314259761,148,63,4.586793457137902e-09,0.2970027247956403
textfooler,reviews,xlmr_base,wsd035,7,,B2,B7,1096,0.3056569343065693,0.009124087591240837,103,93,0.5204221958817009,0.2965328467153285
textfooler,reviews,xlmr_base,wsd035,7,,B3,B4,1104,0.266304347826087,-0.08876811594202899,52,150,3.2754789089391497e-12,0.35507246376811596
textfooler,reviews,xlmr_base,wsd035,7,,B3,B5,1096,0.49635036496350365,0.1478102189781022,214,52,1.6348687421017298e-24,0.34854014598540145
textfooler,reviews,xlmr_base,wsd035,7,,B3,B6,1099,0.3776160145586897,0.02729754322111011,123,93,0.0482212095065314,0.3503184713375796
textfooler,reviews,xlmr_base,wsd035,7,,B3,B7,1089,0.3011937557392103,-0.04775022956841135,88,140,0.0006972906720255455,0.34894398530762166
textfooler,reviews,xlmr_base,wsd035,7,,B4,B5,1099,0.4968152866242038,0.2356687898089172,289,30,2.5024632735250516e-54,0.2611464968152866
textfooler,reviews,xlmr_base,wsd035,7,,B4,B6,1101,0.3796548592188919,0.11716621253405995,169,40,4.585903280752599e-20,0.26248864668483196
textfooler,reviews,xlmr_base,wsd035,7,,B4,B7,1100,0.30272727272727273,0.042727272727272725,121,74,0.000938707509567752,0.26
textfooler,reviews,xlmr_base,wsd035,7,,B5,B6,1097,0.37556973564266183,-0.1185050136736554,53,183,6.1541983926232e-18,0.49407474931631723
textfooler,reviews,xlmr_base,wsd035,7,,B5,B7,1092,0.3021978021978022,-0.19505494505494508,30,243,1.3162811770766241e-42,0.49725274725274726
textfooler,reviews,xlmr_base,wsd035,7,,B6,B7,1090,0.2981651376146789,-0.07798165137614682,63,148,4.586793457137902e-09,0.3761467889908257
textfooler,reviews,xlmr_base,wsd035,7,full78k,B0,B2,1090,0.3238532110091743,0.001834862385321101,109,107,0.9457736301231237,0.3220183486238532
textfooler,reviews,xlmr_base,wsd035,7,full78k,B0,B3,1084,0.1752767527675277,-0.1466789667896679,39,198,8.28848716218283e-27,0.3219557195571956
textfooler,reviews,xlmr_base,wsd035,7,full78k,B0,B4,1103,0.2638259292837715,-0.06527651858567546,77,149,1.9230615709961446e-06,0.329102447869447
textfooler,reviews,xlmr_base,wsd035,7,full78k,B2,B3,1092,0.1804029304029304,-0.1437728937728938,36,193,3.7611455372969795e-27,0.3241758241758242
textfooler,reviews,xlmr_base,wsd035,7,full78k,B2,B4,1103,0.2611060743427017,-0.06436990027198547,75,146,2.0570461329474373e-06,0.3254759746146872
textfooler,reviews,xlmr_base,wsd035,7,full78k,B3,B4,1093,0.2552607502287283,0.07410795974382436,152,71,6.114826013154143e-08,0.18115279048490393
textfooler,reviews,xlmr_base,wsd035,7,pool10x20,B0,B3,1094,0.3062157221206581,0.0036563071297988636,117,113,0.8432447137966194,0.30255941499085925
textfooler,reviews,xlmr_base,wsd035,7,pool10x20,B0,B4,1102,0.18874773139745918,-0.11978221415607984,36,168,1.3915175823169476e-21,0.308529945553539
textfooler,reviews,xlmr_base,wsd035,7,pool10x20,B0,B5,1088,0.5422794117647058,0.24172794117647056,283,20,1.2158628703832057e-60,0.3005514705882353
textfooler,reviews,xlmr_base,wsd035,7,pool10x20,B3,B4,1092,0.1858974358974359,-0.1181318681318681,59,188,7.170098195126481e-17,0.304029304029304
textfooler,reviews,xlmr_base,wsd035,7,pool10x20,B3,B5,1074,0.5400372439478585,0.2402234636871508,287,29,1.5497663367179022e-54,0.29981378026070765
textfooler,reviews,xlmr_base,wsd035,7,pool10x20,B4,B5,1081,0.543940795559667,0.3580018501387604,398,11,1.822902901851675e-102,0.18593894542090658
textfooler,reviews,xlmr_base,,1914,,B0,B1,1077,0.4168987929433612,0.05013927576601673,142,88,0.0004494692464447649,0.36675951717734445
textfooler,reviews,xlmr_base,,1914,,B0,B2,1087,0.3560257589696412,-0.01655933762649492,94,112,0.23616110894941497,0.37258509659613614
textfooler,reviews,xlmr_base,,1914,,B0,B3,1088,0.2775735294117647,-0.09466911764705882,52,155,4.3502582005353024e-13,0.37224264705882354
textfooler,reviews,xlmr_base,,1914,,B0,B4,1096,0.28284671532846717,-0.09124087591240876,54,154,2.50517559900278e-12,0.3740875912408759
textfooler,reviews,xlmr_base,,1914,,B0,B5,1079,0.5894346617238183,0.22150139017608894,270,31,9.316193657908622e-49,0.36793327154772937
textfooler,reviews,xlmr_base,,1914,,B0,B6,1103,0.38803263825929285,0.010879419764279252,103,91,0.42974749501447806,0.3771532184950136
textfooler,reviews,xlmr_base,,1914,,B0,B7,1097,0.37830446672743845,0.0018231540565177284,96,94,0.9421914836304658,0.3764813126709207
textfooler,reviews,xlmr_base,,1914,,B1,B2,1066,0.34896810506566606,-0.06754221388367726,71,143,9.687232374060888e-07,0.4165103189493433
textfooler,reviews,xlmr_base,,1914,,B1,B3,1077,0.2711234911792015,-0.14391829155060354,44,199,9.95553068764694e-25,0.415041782729805
textfooler,reviews,xlmr_base,,1914,,B1,B4,1081,0.27567067530064754,-0.1396854764107308,42,193,2.553101880245241e-24,0.41535615171137835
textfooler,reviews,xlmr_base,,1914,,B1,B5,1078,0.5890538033395176,0.17532467532467533,229,40,2.285234725283782e-33,0.4137291280148423
textfooler,reviews,xlmr_base,,1914,,B1,B6,1081,0.3792784458834413,-0.040703052728954636,79,123,0.002398878883734297,0.4199814986123959
textfooler,reviews,xlmr_base,,1914,,B1,B7,1063,0.367826904985889,-0.047977422389463786,85,136,0.0007336410278076134,0.4158043273753528
textfooler,reviews,xlmr_base,,1914,,B2,B3,1086,0.27992633517495397,-0.08011049723756908,50,137,1.4913719520819756e-10,0.36003683241252304
textfooler,reviews,xlmr_base,,1914,,B2,B4,1083,0.2788550323176362,-0.07756232686980608,53,137,9.258720231217198e-10,0.3564173591874423
textfooler,reviews,xlmr_base,,1914,,B2,B5,1070,0.5906542056074766,0.2420560747663551,293,34,1.4787940613987187e-52,0.3485981308411215
textfooler,reviews,xlmr_base,,1914,,B2,B6,1089,0.3838383838383838,0.022956841138659312,103,78,0.07414703959084008,0.3608815426997245
textfooler,reviews,xlmr_base,,1914,,B2,B7,1086,0.38029465930018413,0.022099447513812154,108,84,0.09668353137621163,0.358195211786372
textfooler,reviews,xlmr_base,,1914,,B3,B4,1093,0.27813357731015553,0.0009149130832570851,82,81,1.0,0.27721866422689845
textfooler,reviews,xlmr_base,,1914,,B3,B5,1079,0.5885078776645042,0.31974050046339203,363,18,1.269792218070836e-84,0.26876737720111216
textfooler,reviews,xlmr_base,,1914,,B3,B6,1093,0.38517840805123515,0.10521500457456545,156,41,5.3763645900084383e-17,0.2799634034766697
textfooler,reviews,xlmr_base,,1914,,B3,B7,1087,0.37626494940202393,0.0984360625574977,161,54,1.4995244407560925e-13,0.2778288868445262
textfooler,reviews,xlmr_base,,1914,,B4,B5,1076,0.5901486988847584,0.31784386617100374,359,17,1.5936208117916281e-84,0.27230483271375466
textfooler,reviews,xlmr_base,,1914,,B4,B6,1099,0.3867151956323931,0.10009099181073705,155,45,2.397155958952497e-15,0.28662420382165604
textfooler,reviews,xlmr_base,,1914,,B4,B7,1082,0.3724584103512015,0.09242144177449169,151,51,1.1134318859529878e-12,0.2800369685767098
textfooler,reviews,xlmr_base,,1914,,B5,B6,1082,0.3789279112754159,-0.2134935304990757,35,266,3.926424062974275e-45,0.5924214417744916
textfooler,reviews,xlmr_base,,1914,,B5,B7,1073,0.36905871388630007,-0.2208760484622554,30,267,1.1148084779542751e-48,0.5899347623485555
textfooler,reviews,xlmr_base,,1914,,B6,B7,1090,0.37706422018348623,-0.005504587155963303,97,103,0.7237710263128064,0.38256880733944953
textfooler,reviews,xlmr_base,,1914,full78k,B0,B2,1084,0.3238007380073801,-0.10239852398523985,57,168,6.845341194870755e-14,0.4261992619926199
textfooler,reviews,xlmr_base,,1914,full78k,B0,B3,1069,0.1403180542563143,-0.284377923292797,15,319,2.392968721723667e-75,0.4246959775491113
textfooler,reviews,xlmr_base,,1914,full78k,B0,B4,1070,0.2336448598130841,-0.19158878504672897,30,235,1.3169584354001934e-40,0.4252336448598131
textfooler,reviews,xlmr_base,,1914,full78k,B2,B3,1099,0.15741583257506825,-0.17379435850773428,28,219,6.698622006462395e-38,0.33121019108280253
textfooler,reviews,xlmr_base,,1914,full78k,B2,B4,1092,0.24267399267399267,-0.08699633699633699,53,148,1.3908000463228467e-11,0.32967032967032966
textfooler,reviews,xlmr_base,,1914,full78k,B3,B4,1105,0.24796380090497738,0.0914027149321267,128,27,6.297635860369824e-17,0.15656108597285068
textfooler,reviews,xlmr_base,,1914,pool10x20,B0,B3,1080,0.39537037037037037,0.025000000000000022,158,131,0.1260161609754943,0.37037037037037035
textfooler,reviews,xlmr_base,,1914,pool10x20,B0,B4,1087,0.33486660533578655,-0.03955841766329349,105,148,0.008150719773735127,0.37442502299908004
textfooler,reviews,xlmr_base,,1914,pool10x20,B0,B5,1086,0.6132596685082873,0.2430939226519337,284,20,6.505720970144062e-61,0.3701657458563536
textfooler,reviews,xlmr_base,,1914,pool10x20,B3,B4,1083,0.3268698060941828,-0.06832871652816253,59,133,9.66284917133976e-08,0.39519852262234534
textfooler,reviews,xlmr_base,,1914,pool10x20,B3,B5,1072,0.6091417910447762,0.21548507462686572,270,39,1.1509407738247825e-43,0.39365671641791045
textfooler,reviews,xlmr_base,,1914,pool10x20,B4,B5,1073,0.6113699906803355,0.2851817334575955,331,25,2.4499525720209934e-69,0.32618825722274
textfooler,reviews,xlmr_base,,1914,r0.25,B0,B2,1110,0.33063063063063064,-0.04774774774774776,72,125,0.00019507602627886545,0.3783783783783784
textfooler,reviews,xlmr_base,,1914,r0.25,B0,B3,1104,0.23822463768115942,-0.13496376811594202,36,185,2.417578835834743e-25,0.37318840579710144
textfooler,reviews,xlmr_base,,1914,r0.25,B0,B4,1101,0.25703905540417804,-0.11807447774750224,44,174,1.7547448768477446e-19,0.3751135331516803
textfooler,reviews,xlmr_base,,1914,r0.25,B2,B3,1105,0.24434389140271492,-0.08506787330316742,50,144,9.505870466314652e-12,0.32941176470588235
textfooler,reviews,xlmr_base,,1914,r0.25,B2,B4,1101,0.259763851044505,-0.07356948228882831,52,133,2.26753752426356e-09,0.3333333333333333
textfooler,reviews,xlmr_base,,1914,r0.25,B3,B4,1105,0.26153846153846155,0.01719457013574663,81,62,0.13197859831859354,0.24434389140271492
textfooler,reviews,xlmr_base,,1914,r1.0,B0,B2,1084,0.3053505535055351,-0.06642066420664205,72,144,1.0919923373258078e-06,0.37177121771217714
textfooler,reviews,xlmr_base,,1914,r1.0,B0,B3,1099,0.19199272065514103,-0.18198362147406735,29,229,9.415264102626193e-40,0.3739763421292084
textfooler,reviews,xlmr_base,,1914,r1.0,B0,B4,1082,0.22643253234750463,-0.14140480591497226,37,190,5.566782047786394e-26,0.3678373382624769
textfooler,reviews,xlmr_base,,1914,r1.0,B2,B3,1069,0.17867165575304023,-0.1253507951356408,32,166,5.140502128459313e-23,0.304022450888681
textfooler,reviews,xlmr_base,,1914,r1.0,B2,B4,1070,0.22429906542056074,-0.0747663551401869,50,130,2.1348242017868693e-09,0.29906542056074764
textfooler,reviews,xlmr_base,,1914,r1.0,B3,B4,1076,0.2258364312267658,0.04925650557620817,96,43,8.118471675145272e-06,0.17657992565055763
textfooler,reviews,xlmr_base,,2024,,B0,B1,1098,0.3123861566484517,-0.07194899817850642,65,144,4.784909851595714e-08,0.3843351548269581
textfooler,reviews,xlmr_base,,2024,,B0,B2,1104,0.32065217391304346,-0.06612318840579712,60,133,1.5740727894521625e-07,0.3867753623188406
textfooler,reviews,xlmr_base,,2024,,B0,B3,1103,0.20761559383499548,-0.17588395285584765,39,233,7.850005055699832e-35,0.38349954669084313
textfooler,reviews,xlmr_base,,2024,,B0,B4,1111,0.2583258325832583,-0.13411341134113414,47,196,8.133762764462266e-23,0.39243924392439244
textfooler,reviews,xlmr_base,,2024,,B0,B5,1103,0.49501359927470534,0.11060743427017222,183,61,2.4094158393656473e-15,0.3844061650045331
textfooler,reviews,xlmr_base,,2024,,B0,B6,1095,0.3954337899543379,0.010045662100456654,105,94,0.47849120098254727,0.38538812785388127
textfooler,reviews,xlmr_base,,2024,,B0,B7,1088,0.39705882352941174,0.015625,118,101,0.2795872410637318,0.38143382352941174
textfooler,reviews,xlmr_base,,2024,,B1,B2,1125,0.328,0.001777777777777767,85,83,0.9385334053887997,0.32622222222222225
textfooler,reviews,xlmr_base,,2024,,B1,B3,1111,0.2079207920792079,-0.1098109810981098,33,155,4.1805440493059786e-20,0.3177317731773177
textfooler,reviews,xlmr_base,,2024,,B1,B4,1118,0.2558139534883721,-0.06887298747763865,54,131,1.4381866584936897e-08,0.32468694096601075
textfooler,reviews,xlmr_base,,2024,,B1,B5,1119,0.49865951742627346,0.1769436997319035,232,34,2.060334061222846e-37,0.32171581769436997
textfooler,reviews,xlmr_base,,2024,,B1,B6,1102,0.3956442831215971,0.07894736842105265,148,61,1.582015277912791e-09,0.31669691470054445
textfooler,reviews,xlmr_base,,2024,,B1,B7,1101,0.40236148955495005,0.08719346049046323,159,63,9.305733214694433e-11,0.3151680290644868
textfooler,reviews,xlmr_base,,2024,,B2,B3,1116,0.21236559139784947,-0.11021505376344085,36,159,1.2117792826598192e-19,0.3225806451612903
textfooler,reviews,xlmr_base,,2024,,B2,B4,1127,0.2608695652173913,-0.07009760425909495,46,125,1.2492231225254167e-09,0.33096716947648624
textfooler,reviews,xlmr_base,,2024,,B2,B5,1120,0.49910714285714286,0.175,235,39,2.6651074768574093e-35,0.32410714285714287
textfooler,reviews,xlmr_base,,2024,,B2,B6,1110,0.4009009009009009,0.07477477477477479,149,66,1.4987738571341902e-08,0.3261261261261261
textfooler,reviews,xlmr_base,,2024,,B2,B7,1115,0.4098654708520179,0.08340807174887888,151,58,9.684929558547273e-11,0.32645739910313903
textfooler,reviews,xlmr_base,,2024,,B3,B4,1117,0.25425246195165624,0.0393912264995524,95,51,0.0003394484300037497,0.21486123545210384
textfooler,reviews,xlmr_base,,2024,,B3,B5,1114,0.49730700179533216,0.28545780969479356,340,22,2.065714300409876e-74,0.2118491921005386
textfooler,reviews,xlmr_base,,2024,,B3,B6,1104,0.3976449275362319,0.1875,239,32,2.4600486641953066e-40,0.21014492753623187
textfooler,reviews,xlmr_base,,2024,,B3,B7,1104,0.40217391304347827,0.19746376811594205,246,28,1.055384285651144e-44,0.20471014492753623
textfooler,reviews,xlmr_base,,2024,,B4,B5,1122,0.5017825311942959,0.24153297682709451,298,27,6.437961429509421e-59,0.26024955436720143
textfooler,reviews,xlmr_base,,2024,,B4,B6,1116,0.40412186379928317,0.14247311827956988,197,38,4.5544820115487575e-27,0.2616487455197133
textfooler,reviews,xlmr_base,,2024,,B4,B7,1106,0.40596745027124775,0.15551537070524413,205,33,1.6178074083697724e-31,0.2504520795660036
textfooler,reviews,xlmr_base,,2024,,B5,B6,1105,0.3990950226244344,-0.10045248868778278,62,173,2.5633990962897347e-13,0.4995475113122172
textfooler,reviews,xlmr_base,,2024,,B5,B7,1103,0.40253853127833183,-0.09156844968268357,65,166,2.271461779147532e-11,0.4941069809610154
textfooler,reviews,xlmr_base,,2024,,B6,B7,1094,0.40493601462522855,0.009140767824497298,97,87,0.5071267761548864,0.39579524680073125
textfooler,reviews,xlmr_base,,2024,full78k,B0,B2,1087,0.20791168353265868,-0.16191352345906165,38,214,6.074021766539729e-31,0.36982520699172033
textfooler,reviews,xlmr_base,,2024,full78k,B0,B3,1095,0.3735159817351598,0.0,142,142,1.0,0.3735159817351598
textfooler,reviews,xlmr_base,,2024,full78k,B0,B4,1099,0.33121019108280253,-0.042766151046405854,92,139,0.0024004554112791983,0.3739763421292084
textfooler,reviews,xlmr_base,,2024,full78k,B2,B3,1098,0.377959927140255,0.16393442622950818,250,70,7.076476061024111e-25,0.21402550091074682
textfooler,reviews,xlmr_base,,2024,full78k,B2,B4,1079,0.3243744207599629,0.11862835959221502,187,59,1.0940427587487775e-16,0.2057460611677479
textfooler,reviews,xlmr_base,,2024,full78k,B3,B4,1101,0.32879200726612173,-0.049954586739327844,86,141,0.0003181945949088751,0.3787465940054496
textfooler,reviews,xlmr_base,,2024,pool10x20,B0,B3,1094,0.2303473491773309,-0.1572212065813528,40,212,1.798647745869262e-29,0.3875685557586837
textfooler,reviews,xlmr_base,,2024,pool10x20,B0,B4,1088,0.2702205882352941,-0.11213235294117646,51,173,1.0211913324231582e-16,0.38235294117647056
textfooler,reviews,xlmr_base,,2024,pool10x20,B0,B5,1081,0.6077705827937095,0.23126734505087881,269,19,1.0369016554893531e-57,0.37650323774283073
textfooler,reviews,xlmr_base,,2024,pool10x20,B3,B4,1097,0.2707383773928897,0.041020966271649945,98,53,0.0003124246799664644,0.22971741112123975
textfooler,reviews,xlmr_base,,2024,pool10x20,B3,B5,1074,0.6089385474860335,0.3864059590316573,429,14,9.510270290905443e-108,0.22253258845437615
textfooler,reviews,xlmr_base,,2024,pool10x20,B4,B5,1073,0.6039142590866728,0.3429636533084809,381,13,3.719424661710456e-95,0.26095060577819196
textfooler,reviews,xlmr_base,,2024,r1.0,B0,B2,1102,0.34936479128856623,-0.03811252268602544,88,130,0.005367918801283635,0.3874773139745917
textfooler,reviews,xlmr_base,,2024,r1.0,B0,B3,1087,0.23275068997240111,-0.15363385464581414,45,212,4.2549001846621895e-27,0.38638454461821525
textfooler,reviews,xlmr_base,,2024,r1.0,B0,B4,1086,0.2532228360957643,-0.1298342541436464,45,186,1.4872961070488445e-21,0.3830570902394107
textfooler,reviews,xlmr_base,,2024,r1.0,B2,B3,1096,0.2363138686131387,-0.11040145985401462,43,164,7.648942300149924e-18,0.3467153284671533
textfooler,reviews,xlmr_base,,2024,r1.0,B2,B4,1101,0.25885558583106266,-0.09173478655767486,41,142,3.057056605939124e-14,0.3505903723887375
textfooler,reviews,xlmr_base,,2024,r1.0,B3,B4,1099,0.25477707006369427,0.0145586897179254,87,71,0.23263498900407617,0.24021838034576887
textfooler,reviews,xlmr_base,,7,,B0,B1,1098,0.377959927140255,0.041894353369763215,128,82,0.0018324566973564175,0.3360655737704918
textfooler,reviews,xlmr_base,,7,,B0,B2,1097,0.3236098450319052,-0.014585232452142216,91,107,0.2863956298917917,0.3381950774840474
textfooler,reviews,xlmr_base,,7,,B0,B3,1093,0.36688014638609334,0.031107044830741115,140,106,0.03516450986994604,0.3357731015553522
textfooler,reviews,xlmr_base,,7,,B0,B4,1097,0.27529626253418416,-0.06654512306289878,67,140,4.3029419710258887e-07,0.34184138559708294
textfooler,reviews,xlmr_base,,7,,B0,B5,1091,0.5096241979835013,0.17598533455545368,236,44,6.335564729992673e-33,0.33363886342804766
textfooler,reviews,xlmr_base,,7,,B0,B6,1096,0.4023722627737226,0.06569343065693428,147,75,1.5432578253628119e-06,0.33667883211678834
textfooler,reviews,xlmr_base,,7,,B0,B7,1101,0.3315168029064487,-0.00908265213442322,93,103,0.5204221958817009,0.3405994550408719
textfooler,reviews,xlmr_base,,7,,B1,B2,1112,0.329136690647482,-0.055755395683453224,66,128,1.0099447851267164e-05,0.38489208633093525
textfooler,reviews,xlmr_base,,7,,B1,B3,1105,0.37104072398190047,-0.009954751131221684,96,107,0.48285744431778305,0.38099547511312215
textfooler,reviews,xlmr_base,,7,,B1,B4,1105,0.27963800904977376,-0.10497737556561088,46,162,2.403520949831409e-16,0.38461538461538464
textfooler,reviews,xlmr_base,,7,,B1,B5,1101,0.5140781108083561,0.1316984559491372,191,46,3.4788274620288485e-22,0.3823796548592189
textfooler,reviews,xlmr_base,,7,,B1,B6,1105,0.4072398190045249,0.02714932126696834,107,77,0.03224242343593876,0.38009049773755654
textfooler,reviews,xlmr_base,,7,,B1,B7,1097,0.3290793072014585,-0.05013673655423884,71,126,0.00010864105561866845,0.37921604375569734
textfooler,reviews,xlmr_base,,7,,B2,B3,1104,0.3704710144927536,0.04528985507246375,137,87,0.0010162281955814608,0.32518115942028986
textfooler,reviews,xlmr_base,,7,,B2,B4,1112,0.2841726618705036,-0.04676258992805754,58,110,7.370834538660161e-05,0.33093525179856115
textfooler,reviews,xlmr_base,,7,,B2,B5,1101,0.5140781108083561,0.18801089918256136,241,34,1.3365858253577526e-39,0.3260672116257947
textfooler,reviews,xlmr_base,,7,,B2,B6,1101,0.405086285195277,0.08174386920980925,153,63,8.015361429963142e-10,0.32334241598546776
textfooler,reviews,xlmr_base,,7,,B2,B7,1096,0.33211678832116787,0.006386861313868619,100,93,0.6659330459055769,0.32572992700729925
textfooler,reviews,xlmr_base,,7,,B3,B4,1104,0.2807971014492754,-0.09239130434782605,49,151,2.744285636001489e-13,0.37318840579710144
textfooler,reviews,xlmr_base,,7,,B3,B5,1096,0.5136861313868614,0.14507299270072999,209,50,2.717371604166386e-24,0.3686131386861314
textfooler,reviews,xlmr_base,,7,,B3,B6,1099,0.40855323020928114,0.039126478616924476,131,88,0.004429779647988838,0.36942675159235666
textfooler,reviews,xlmr_base,,7,,B3,B7,1089,0.3269054178145087,-0.04224058769513317,89,135,0.002562907865011273,0.3691460055096419
textfooler,reviews,xlmr_base,,7,,B4,B5,1099,0.5141037306642402,0.23748862602365783,288,27,2.7434436710691094e-56,0.27661510464058237
textfooler,reviews,xlmr_base,,7,,B4,B6,1101,0.410535876475931,0.13351498637602183,190,43,3.0903017748048585e-23,0.27702089009990916
textfooler,reviews,xlmr_base,,7,,B4,B7,1100,0.3281818181818182,0.05363636363636365,132,73,4.561358490864986e-05,0.27454545454545454
textfooler,reviews,xlmr_base,,7,,B5,B6,1097,0.406563354603464,-0.10483135824977213,57,172,1.3409660445762275e-14,0.5113947128532361
textfooler,reviews,xlmr_base,,7,,B5,B7,1092,0.32875457875457875,-0.18589743589743585,35,238,2.8217511100886907e-38,0.5146520146520146
textfooler,reviews,xlmr_base,,7,,B6,B7,1090,0.3238532110091743,-0.08348623853211012,66,157,9.869350756796997e-10,0.4073394495412844
textfooler,reviews,xlmr_base,,7,full78k,B0,B2,1090,0.3596330275229358,-0.011926605504587129,102,115,0.41535525707724713,0.37155963302752293
textfooler,reviews,xlmr_base,,7,full78k,B0,B3,1084,0.19464944649446494,-0.1761992619926199,36,227,4.587673644826734e-35,0.37084870848708484
textfooler,reviews,xlmr_base,,7,full78k,B0,B4,1103,0.27379873073436084,-0.10516772438803262,66,182,9.90816949910708e-14,0.37896645512239346
textfooler,reviews,xlmr_base,,7,full78k,B2,B3,1092,0.1987179487179487,-0.163003663003663,39,217,4.062647340045993e-31,0.3617216117216117
textfooler,reviews,xlmr_base,,7,full78k,B2,B4,1103,0.27107887579329104,-0.0924750679963735,69,171,3.589846290308286e-11,0.36355394378966455
textfooler,reviews,xlmr_base,,7,full78k,B3,B4,1093,0.2653247941445563,0.06587374199451054,153,81,2.9173267130300453e-06,0.19945105215004574
textfooler,reviews,xlmr_base,,7,pool10x20,B0,B3,1094,0.31444241316270566,-0.01828153564899454,115,135,0.22942485679621288,0.3327239488117002
textfooler,reviews,xlmr_base,,7,pool10x20,B0,B4,1102,0.20871143375680581,-0.132486388384755,39,185,6.234566426905802e-24,0.3411978221415608
textfooler,reviews,xlmr_base,,7,pool10x20,B0,B5,1088,0.5625,0.2297794117647059,275,25,2.1078636169064286e-54,0.3327205882352941
textfooler,reviews,xlmr_base,,7,pool10x20,B3,B4,1092,0.20695970695970695,-0.10531135531135533,60,175,3.111470140048747e-14,0.31227106227106227
textfooler,reviews,xlmr_base,,7,pool10x20,B3,B5,1074,0.5605214152700186,0.2532588454376164,301,29,3.5055989802839094e-58,0.30726256983240224
textfooler,reviews,xlmr_base,,7,pool10x20,B4,B5,1081,0.5642923219241444,0.35892691951896394,401,13,6.806352064750488e-101,0.2053654024051804
textfooler,unlp,xlmr_base,wsd035,1914,,B0,B2,287,0.26480836236933797,-0.0383275261324042,9,20,0.06142834573984146,0.30313588850174217
textfooler,unlp,xlmr_base,wsd035,1914,,B0,B3,288,0.3020833333333333,-0.0034722222222222654,23,24,1.0,0.3055555555555556
textfooler,unlp,xlmr_base,wsd035,1914,,B0,B4,296,0.27702702702702703,-0.02702702702702703,14,22,0.2429849540349096,0.30405405405405406
textfooler,unlp,xlmr_base,wsd035,1914,,B2,B3,291,0.32989690721649484,0.041237113402061876,29,17,0.10380535550410741,0.28865979381443296
textfooler,unlp,xlmr_base,wsd035,1914,,B2,B4,296,0.28378378378378377,-0.0033783783783783994,13,14,1.0,0.28716216216216217
textfooler,unlp,xlmr_base,wsd035,1914,,B3,B4,300,0.29333333333333333,-0.033333333333333326,17,27,0.17417114727072658,0.32666666666666666
textfooler,unlp,xlmr_base,wsd035,2024,,B0,B2,309,0.22653721682847897,-0.08737864077669902,11,38,0.00014197068519905542,0.313915857605178
textfooler,unlp,xlmr_base,wsd035,2024,,B0,B3,265,0.20754716981132076,-0.13962264150943393,31,68,0.00025534608649658137,0.3471698113207547
textfooler,unlp,xlmr_base,wsd035,2024,,B0,B4,295,0.3423728813559322,0.01694915254237289,22,17,0.5223973804968409,0.3254237288135593
textfooler,unlp,xlmr_base,wsd035,2024,,B2,B3,258,0.1937984496124031,-0.03488372093023254,33,42,0.3556992390814875,0.22868217054263565
textfooler,unlp,xlmr_base,wsd035,2024,,B2,B4,285,0.3192982456140351,0.10526315789473684,41,11,3.5887916129517805e-05,0.21403508771929824
textfooler,unlp,xlmr_base,wsd035,2024,,B3,B4,270,0.362962962962963,0.13703703703703707,62,25,9.060798596521848e-05,0.22592592592592592
textfooler,unlp,xlmr_base,wsd035,7,,B0,B2,292,0.2465753424657534,-0.0410958904109589,22,34,0.14089542359848076,0.2876712328767123
textfooler,unlp,xlmr_base,wsd035,7,,B0,B3,303,0.3102310231023102,0.01650165016501648,21,16,0.5113757815852296,0.29372937293729373
textfooler,unlp,xlmr_base,wsd035,7,,B0,B4,301,0.26245847176079734,-0.01661129568106312,17,22,0.5223973804968409,0.27906976744186046
textfooler,unlp,xlmr_base,wsd035,7,,B2,B3,299,0.2976588628762542,0.040133779264214076,30,18,0.11140289106101875,0.25752508361204013
textfooler,unlp,xlmr_base,wsd035,7,,B2,B4,289,0.25951557093425603,0.024221453287197214,30,23,0.4101027163746913,0.23529411764705882
textfooler,unlp,xlmr_base,wsd035,7,,B3,B4,302,0.271523178807947,-0.029801324503311244,15,24,0.19959086691960692,0.30132450331125826
textfooler,unlp,xlmr_base,,1914,,B0,B2,287,0.2857142857142857,-0.03484320557491288,12,22,0.12144948495551944,0.3205574912891986
textfooler,unlp,xlmr_base,,1914,,B0,B3,288,0.3229166666666667,-0.00347222222222221,21,22,1.0,0.3263888888888889
textfooler,unlp,xlmr_base,,1914,,B0,B4,296,0.30405405405405406,-0.020270270270270285,15,21,0.40503224614076316,0.32432432432432434
textfooler,unlp,xlmr_base,,1914,,B2,B3,291,0.3539518900343643,0.04467353951890035,25,12,0.04703102743951604,0.30927835051546393
textfooler,unlp,xlmr_base,,1914,,B2,B4,296,0.3108108108108108,0.003378378378378344,17,16,1.0,0.30743243243243246
textfooler,unlp,xlmr_base,,1914,,B3,B4,300,0.32,-0.02999999999999997,18,27,0.23269319190831084,0.35
textfooler,unlp,xlmr_base,,2024,,B0,B2,309,0.23948220064724918,-0.0744336569579288,12,35,0.0010885382064742544,0.313915857605178
textfooler,unlp,xlmr_base,,2024,,B0,B3,265,0.2188679245283019,-0.13207547169811318,31,66,0.0004901579489633008,0.35094339622641507
textfooler,unlp,xlmr_base,,2024,,B0,B4,295,0.3559322033898305,0.027118644067796627,23,15,0.2558750795433298,0.3288135593220339
textfooler,unlp,xlmr_base,,2024,,B2,B3,258,0.2054263565891473,-0.034883720930232565,34,43,0.36203179773966154,0.24031007751937986
textfooler,unlp,xlmr_base,,2024,,B2,B4,285,0.3368421052631579,0.10877192982456141,43,12,3.3053764732060564e-05,0.22807017543859648
textfooler,unlp,xlmr_base,,2024,,B3,B4,270,0.37777777777777777,0.14074074074074072,64,26,7.657072931048344e-05,0.23703703703703705
textfooler,unlp,xlmr_base,,7,,B0,B2,292,0.273972602739726,-0.03424657534246578,19,29,0.19341265286193732,0.3082191780821918
textfooler,unlp,xlmr_base,,7,,B0,B3,303,0.33003300330033003,0.01650165016501648,22,17,0.5223973804968409,0.31353135313531355
textfooler,unlp,xlmr_base,,7,,B0,B4,301,0.2691029900332226,-0.02990033222591365,17,26,0.2220528201560228,0.29900332225913623
textfooler,unlp,xlmr_base,,7,,B2,B3,299,0.31438127090301005,0.026755852842809402,27,19,0.3019956131896606,0.28762541806020064
textfooler,unlp,xlmr_base,,7,,B2,B4,289,0.2664359861591695,0.0,23,23,1.0,0.2664359861591695
textfooler,unlp,xlmr_base,,7,,B3,B4,302,0.2781456953642384,-0.04304635761589404,14,27,0.05958388801809633,0.3211920529801324
