attack,dataset,model,condition,seed,variant,wsd,raw,casr_ci_lo,casr_ci_hi,n_total,n_conditional_eligible,clean_accuracy,clean_macro_f1,adv_accuracy,adv_macro_f1,delta,cASR,flip_rate,source
textfooler,reviews,xlmr_base,B0,1914,,,reviews__xlmr_base__B0__seed1914,0.3662760028352494,0.4226223809889877,1500,1152,0.768,0.4371478647539718,0.4653333333333333,0.21597539964454068,0.3026666666666667,0.3940972222222222,0.30266666666666664,/home/mudryi/phd_projects/ukr-adversarial-augmentation/results/textfooler/reviews__xlmr_base__B0__seed1914/examples.jsonl
textfooler,reviews,xlmr_base,B0,1914,,wsd035,reviews__xlmr_base__B0__seed1914__wsd035,0.34239064303094946,0.39805818953983396,1500,1152,0.768,0.4371478647539718,0.484,0.22933418719032192,0.28400000000000003,0.3697916666666667,0.284,/home/mudryi/phd_projects/ukr-adversarial-augmentation/results/textfooler/reviews__xlmr_base__B0__seed1914__wsd035/examples.jsonl
textfooler,reviews,xlmr_base,B0,2024,,,reviews__xlmr_base__B0__seed2024,0.3757807738068292,0.4325551263217211,1500,1144,0.7626666666666667,0.46556707870470176,0.45466666666666666,0.21841206248342862,0.30800000000000005,0.40384615384615385,0.308,/home/mudryi/phd_projects/ukr-adversarial-augmentation/results/textfooler/reviews__xlmr_base__B0__seed2024/examples.jsonl
textfooler,reviews,xlmr_base,B0,2024,,wsd035,reviews__xlmr_base__B0__seed2024__wsd035,0.35771367142851523,0.41403180963366737,1500,1144,0.7626666666666667,0.46556707870470176,0.4686666666666667,0.22076742283207315,0.29400000000000004,0.38548951048951047,0.294,/home/mudryi/phd_projects/ukr-adversarial-augmentation/results/textfooler/reviews__xlmr_base__B0__seed2024__wsd035/examples.jsonl
textfooler,reviews,xlmr_base,B0,7,,,reviews__xlmr_base__B0__seed7,0.33553956647708294,0.39091136640324553,1500,1155,0.77,0.44429770800791946,0.49066666666666664,0.2079141037568502,0.2793333333333334,0.36277056277056274,0.2793333333333333,/home/mudryi/phd_projects/ukr-adversarial-augmentation/results/textfooler/reviews__xlmr_base__B0__seed7/examples.jsonl
textfooler,reviews,xlmr_base,B0,7,,wsd035,reviews__xlmr_base__B0__seed7__wsd035,0.3050484158066381,0.3592714986742698,1500,1155,0.77,0.44429770800791946,0.5146666666666667,0.2157429606112114,0.2553333333333333,0.3316017316017316,0.25533333333333336,/home/mudryi/phd_projects/ukr-adversarial-augmentation/results/textfooler/reviews__xlmr_base__B0__seed7__wsd035/examples.jsonl
textfooler,reviews,xlmr_base,B1,1914,,,reviews__xlmr_base__B1__seed1914,0.4026756835189499,0.46053773894524586,1500,1122,0.748,0.47554415714845205,0.42533333333333334,0.21683906086653612,0.32266666666666666,0.43137254901960786,0.32266666666666666,/home/mudryi/phd_projects/ukr-adversarial-augmentation/results/textfooler/reviews__xlmr_base__B1__seed1914/examples.jsonl
textfooler,reviews,xlmr_base,B1,1914,,wsd035,reviews__xlmr_base__B1__seed1914__wsd035,0.37189829625679993,0.42913940914566656,1500,1122,0.748,0.47554415714845205,0.44866666666666666,0.23318146390800684,0.29933333333333334,0.4001782531194296,0.29933333333333334,/home/mudryi/phd_projects/ukr-adversarial-augmentation/results/textfooler/reviews__xlmr_base__B1__seed1914__wsd035/examples.jsonl
textfooler,reviews,xlmr_base,B1,2024,,,reviews__xlmr_base__B1__seed2024,0.3151977317363723,0.3698325222110092,1500,1155,0.77,0.4765525950781665,0.5066666666666667,0.21087462905026566,0.2633333333333333,0.341991341991342,0.2633333333333333,/home/mudryi/phd_projects/ukr-adversarial-augmentation/results/textfooler/reviews__xlmr_base__B1__seed2024/examples.jsonl
textfooler,reviews,xlmr_base,B1,2024,,wsd035,reviews__xlmr_base__B1__seed2024__wsd035,0.2932263213383989,0.34693153043162317,1500,1155,0.77,0.4765525950781665,0.524,0.22403331561226297,0.246,0.3194805194805195,0.246,/home/mudryi/phd_projects/ukr-adversarial-augmentation/results/textfooler/reviews__xlmr_base__B1__seed2024__wsd035/examples.jsonl
textfooler,reviews,xlmr_base,B1,7,,,reviews__xlmr_base__B1__seed7,0.3727263329713629,0.4293297588162722,1500,1148,0.7653333333333333,0.4840078267478665,0.45866666666666667,0.20546050683056166,0.30666666666666664,0.40069686411149824,0.30666666666666664,/home/mudryi/phd_projects/ukr-adversarial-augmentation/results/textfooler/reviews__xlmr_base__B1__seed7/examples.jsonl
textfooler,reviews,xlmr_base,B1,7,,wsd035,reviews__xlmr_base__B1__seed7__wsd035,0.34446297321825337,0.40029356619211826,1500,1148,0.7653333333333333,0.4840078267478665,0.4806666666666667,0.2230818569055824,0.2846666666666666,0.3719512195121951,0.2846666666666667,/home/mudryi/phd_projects/ukr-adversarial-augmentation/results/textfooler/reviews__xlmr_base__B1__seed7__wsd035/examples.jsonl
textfooler,reviews,xlmr_base,B2,1914,,,reviews__xlmr_base__B2__seed1914,0.35608961154189683,0.41243728975238575,1500,1141,0.7606666666666667,0.48293778132986587,0.4686666666666667,0.1992355198393768,0.29200000000000004,0.3838737949167397,0.292,/home/mudryi/phd_projects/ukr-adversarial-augmentation/results/textfooler/reviews__xlmr_base__B2__seed1914/examples.jsonl
textfooler,reviews,xlmr_base,B2,1914,r0.25,,reviews__xlmr_base__B2__seed1914__r0.25,0.32255529731304006,0.3776640531841752,1500,1147,0.7646666666666667,0.44954133898211734,0.49733333333333335,0.2284491205728328,0.26733333333333337,0.34960767218831734,0.2673333333333333,/home/mudryi/phd_projects/ukr-adversarial-augmentation/results/textfooler/reviews__xlmr_base__B2__seed1914__r0.25/examples.jsonl
textfooler,reviews,xlmr_base,B2,1914,r0.25,wsd035,reviews__xlmr_base__B2__seed1914__r0.25__wsd035,0.3038118592301772,0.35817459683769737,1500,1147,0.7646666666666667,0.44954133898211734,0.512,0.23545130801090303,0.2526666666666667,0.3304272013949433,0.25266666666666665,/home/mudryi/phd_projects/ukr-adversarial-augmentation/results/textfooler/reviews__xlmr_base__B2__seed1914__r0.25__wsd035/examples.jsonl
textfooler,reviews,xlmr_base,B2,1914,r1.0,,reviews__xlmr_base__B2__seed1914__r1.0,0.29580348161271547,0.3505750330593276,1500,1116,0.744,0.44891129959260584,0.504,0.22097194662385083,0.24,0.3225806451612903,0.24,/home/mudryi/phd_projects/ukr-adversarial-augmentation/results/textfooler/reviews__xlmr_base__B2__seed1914__r1.0/examples.jsonl
textfooler,reviews,xlmr_base,B2,1914,r1.0,wsd035,reviews__xlmr_base__B2__seed1914__r1.0__wsd035,0.2783639870738253,0.3322951856458988,1500,1116,0.744,0.44891129959260584,0.5173333333333333,0.22344368508493426,0.22666666666666668,0.3046594982078853,0.22666666666666666,/home/mudryi/phd_projects/ukr-adversarial-augmentation/results/textfooler/reviews__xlmr_base__B2__seed1914__r1.0__wsd035/examples.jsonl
textfooler,reviews,xlmr_base,B2,1914,,wsd035,reviews__xlmr_base__B2__seed1914__wsd035,0.3294330878085881,0.3849378432224701,1500,1141,0.7606666666666667,0.48293778132986587,0.48933333333333334,0.2076024381131381,0.27133333333333337,0.3567046450482033,0.2713333333333333,/home/mudryi/phd_projects/ukr-adversarial-augmentation/results/textfooler/reviews__xlmr_base__B2__seed1914__wsd035/examples.jsonl
textfooler,reviews,xlmr_base,B2,2024,,,reviews__xlmr_base__B2__seed2024,0.32055573335437515,0.3752041341782783,1500,1163,0.7753333333333333,0.4953262591935614,0.506,0.22443431110466378,0.2693333333333333,0.3473774720550301,0.2693333333333333,/home/mudryi/phd_projects/ukr-adversarial-augmentation/results/textfooler/reviews__xlmr_base__B2__seed2024/examples.jsonl
textfooler,reviews,xlmr_base,B2,2024,,wsd035,reviews__xlmr_base__B2__seed2024__wsd035,0.29117306540731197,0.3445957900895266,1500,1163,0.7753333333333333,0.4953262591935614,0.5293333333333333,0.23487189771519618,0.246,0.3172828890799656,0.246,/home/mudryi/phd_projects/ukr-adversarial-augmentation/results/textfooler/reviews__xlmr_base__B2__seed2024__wsd035/examples.jsonl
textfooler,reviews,xlmr_base,B2,7,,,reviews__xlmr_base__B2__seed7,0.32619298069361485,0.3811681248869084,1500,1158,0.772,0.5033790442652648,0.49933333333333335,0.21712308033399816,0.27266666666666667,0.3531951640759931,0.27266666666666667,/home/mudryi/phd_projects/ukr-adversarial-augmentation/results/textfooler/reviews__xlmr_base__B2__seed7/examples.jsonl
textfooler,reviews,xlmr_base,B2,7,,wsd035,reviews__xlmr_base__B2__seed7__wsd035,0.298345651822327,0.352209080135592,1500,1158,0.772,0.5033790442652648,0.5213333333333333,0.2292618642579784,0.2506666666666667,0.32469775474956825,0.25066666666666665,/home/mudryi/phd_projects/ukr-adversarial-augmentation/results/textfooler/reviews__xlmr_base__B2__seed7__wsd035/examples.jsonl
textfooler,reviews,xlmr_base,B3,1914,,,reviews__xlmr_base__B3__seed1914,0.2776251971985898,0.3308647152068177,1500,1143,0.762,0.5063789043412974,0.5306666666666666,0.25633200592249983,0.2313333333333334,0.30358705161854765,0.23133333333333334,/home/mudryi/phd_projects/ukr-adversarial-augmentation/results/textfooler/reviews__xlmr_base__B3__seed1914/examples.jsonl
textfooler,reviews,xlmr_base,B3,1914,pool10x20,,reviews__xlmr_base__B3__seed1914__pool10x20,0.37980115150082744,0.437224595431798,1500,1122,0.748,0.4705595871906122,0.44266666666666665,0.24287071948055697,0.30533333333333335,0.40819964349376114,0.30533333333333335,/home/mudryi/phd_projects/ukr-adversarial-augmentation/results/textfooler/reviews__xlmr_base__B3__seed1914__pool10x20/examples.jsonl
textfooler,reviews,xlmr_base,B3,1914,pool10x20,wsd035,reviews__xlmr_base__B3__seed1914__pool10x20__wsd035,0.37980115150082744,0.437224595431798,1500,1122,0.748,0.4705595871906122,0.44266666666666665,0.24086731499736241,0.30533333333333335,0.40819964349376114,0.30533333333333335,/home/mudryi/phd_projects/ukr-adversarial-augmentation/results/textfooler/reviews__xlmr_base__B3__seed1914__pool10x20__wsd035/examples.jsonl
textfooler,reviews,xlmr_base,B3,1914,r0.25,,reviews__xlmr_base__B3__seed1914__r0.25,0.2409411147711818,0.2919807158505185,1500,1148,0.7653333333333333,0.4670354395065662,0.562,0.2326759831984419,0.20333333333333325,0.2656794425087108,0.20333333333333334,/home/mudryi/phd_projects/ukr-adversarial-augmentation/results/textfooler/reviews__xlmr_base__B3__seed1914__r0.25/examples.jsonl
textfooler,reviews,xlmr_base,B3,1914,r0.25,wsd035,reviews__xlmr_base__B3__seed1914__r0.25__wsd035,0.2308512665457586,0.2812343632114823,1500,1148,0.7653333333333333,0.4670354395065662,0.57,0.2405720118339369,0.19533333333333336,0.25522648083623695,0.19533333333333333,/home/mudryi/phd_projects/ukr-adversarial-augmentation/results/textfooler/reviews__xlmr_base__B3__seed1914__r0.25__wsd035/examples.jsonl
textfooler,reviews,xlmr_base,B3,1914,r1.0,,reviews__xlmr_base__B3__seed1914__r1.0,0.19959467645850293,0.24744946260057046,1500,1159,0.7726666666666666,0.4774872484222191,0.6006666666666667,0.24247135553444998,0.17199999999999993,0.22260569456427956,0.172,/home/mudryi/phd_projects/ukr-adversarial-augmentation/results/textfooler/reviews__xlmr_base__B3__seed1914__r1.0/examples.jsonl
textfooler,reviews,xlmr_base,B3,1914,r1.0,wsd035,reviews__xlmr_base__B3__seed1914__r1.0__wsd035,0.18885603710699206,0.2358290780260096,1500,1159,0.7726666666666666,0.4774872484222191,0.6093333333333333,0.24871220181969714,0.16333333333333333,0.21138912855910266,0.16333333333333333,/home/mudryi/phd_projects/ukr-adversarial-augmentation/results/textfooler/reviews__xlmr_base__B3__seed1914__r1.0__wsd035/examples.jsonl
textfooler,reviews,xlmr_base,B3,1914,,wsd035,reviews__xlmr_base__B3__seed1914__wsd035,0.2682776161268699,0.32102917394650865,1500,1143,0.762,0.5063789043412974,0.538,0.2550098812818706,0.22399999999999998,0.29396325459317585,0.224,/home/mudryi/phd_projects/ukr-adversarial-augmentation/results/textfooler/reviews__xlmr_base__B3__seed1914__wsd035/examples.jsonl
textfooler,reviews,xlmr_base,B3,2024,,,reviews__xlmr_base__B3__seed2024,0.211372258439764,0.2601563263438867,1500,1158,0.772,0.47009069722216906,0.5906666666666667,0.25071519582032176,0.18133333333333335,0.23488773747841105,0.18133333333333335,/home/mudryi/phd_projects/ukr-adversarial-augmentation/results/textfooler/reviews__xlmr_base__B3__seed2024/examples.jsonl
textfooler,reviews,xlmr_base,B3,2024,,wsd035,reviews__xlmr_base__B3__seed2024__wsd035,0.20059724708006987,0.2485530693067973,1500,1158,0.772,0.47009069722216906,0.5993333333333334,0.2594177513663401,0.17266666666666663,0.2236614853195164,0.17266666666666666,/home/mudryi/phd_projects/ukr-adversarial-augmentation/results/textfooler/reviews__xlmr_base__B3__seed2024__wsd035/examples.jsonl
textfooler,reviews,xlmr_base,B3,7,,,reviews__xlmr_base__B3__seed7,0.359432550022344,0.4157977328556832,1500,1144,0.7626666666666667,0.47446774503383404,0.4673333333333333,0.22418108208909193,0.2953333333333334,0.38723776223776224,0.29533333333333334,/home/mudryi/phd_projects/ukr-adversarial-augmentation/results/textfooler/reviews__xlmr_base__B3__seed7/examples.jsonl
textfooler,reviews,xlmr_base,B3,7,,wsd035,reviews__xlmr_base__B3__seed7__wsd035,0.343118728302497,0.39900593732500705,1500,1144,0.7626666666666667,0.47446774503383404,0.48,0.22150167376517294,0.28266666666666673,0.3706293706293706,0.2826666666666667,/home/mudryi/phd_projects/ukr-adversarial-augmentation/results/textfooler/reviews__xlmr_base__B3__seed7__wsd035/examples.jsonl
textfooler,reviews,xlmr_base,B4,1914,,,reviews__xlmr_base__B4__seed1914,0.27787255205851613,0.331148402322831,1500,1142,0.7613333333333333,0.48623446840295426,0.53,0.2529249261461457,0.23133333333333328,0.30385288966725044,0.23133333333333334,/home/mudryi/phd_projects/ukr-adversarial-augmentation/results/textfooler/reviews__xlmr_base__B4__seed1914/examples.jsonl
textfooler,reviews,xlmr_base,B4,1914,pool10x20,,reviews__xlmr_base__B4__seed1914__pool10x20,0.3197110332182744,0.375281558772716,1500,1124,0.7493333333333333,0.43078954566923205,0.48933333333333334,0.2419169095822366,0.25999999999999995,0.3469750889679715,0.26,/home/mudryi/phd_projects/ukr-adversarial-augmentation/results/textfooler/reviews__xlmr_base__B4__seed1914__pool10x20/examples.jsonl
textfooler,reviews,xlmr_base,B4,1914,pool10x20,wsd035,reviews__xlmr_base__B4__seed1914__pool10x20__wsd035,0.3110162253834824,0.36624337776977495,1500,1124,0.7493333333333333,0.43078954566923205,0.496,0.23673713466229093,0.2533333333333333,0.33807829181494664,0.25333333333333335,/home/mudryi/phd_projects/ukr-adversarial-augmentation/results/textfooler/reviews__xlmr_base__B4__seed1914__pool10x20__wsd035/examples.jsonl
textfooler,reviews,xlmr_base,B4,1914,r0.25,,reviews__xlmr_base__B4__seed1914__r0.25,0.2540852012299731,0.30606337244904247,1500,1142,0.7613333333333333,0.4562177086016949,0.5486666666666666,0.24204761988794027,0.21266666666666667,0.27933450087565675,0.21266666666666667,/home/mudryi/phd_projects/ukr-adversarial-augmentation/results/textfooler/reviews__xlmr_base__B4__seed1914__r0.25/examples.jsonl
textfooler,reviews,xlmr_base,B4,1914,r0.25,wsd035,reviews__xlmr_base__B4__seed1914__r0.25__wsd035,0.23884355358518625,0.2898870610709018,1500,1142,0.7613333333333333,0.4562177086016949,0.5606666666666666,0.23954038516942583,0.20066666666666666,0.2635726795096322,0.20066666666666666,/home/mudryi/phd_projects/ukr-adversarial-augmentation/results/textfooler/reviews__xlmr_base__B4__seed1914__r0.25__wsd035/examples.jsonl
textfooler,reviews,xlmr_base,B4,1914,r1.0,,reviews__xlmr_base__B4__seed1914__r1.0,0.22621856709800414,0.276811733909828,1500,1125,0.75,0.46008433314672087,0.562,0.24986167129134537,0.18799999999999994,0.25066666666666665,0.188,/home/mudryi/phd_projects/ukr-adversarial-augmentation/results/textfooler/reviews__xlmr_base__B4__seed1914__r1.0/examples.jsonl
textfooler,reviews,xlmr_base,B4,1914,r1.0,wsd035,reviews__xlmr_base__B4__seed1914__r1.0__wsd035,0.21339243731011193,0.2630619439655187,1500,1125,0.75,0.46008433314672087,0.572,0.2533465444046571,0.17800000000000005,0.23733333333333334,0.178,/home/mudryi/phd_projects/ukr-adversarial-augmentation/results/textfooler/reviews__xlmr_base__B4__seed1914__r1.0__wsd035/examples.jsonl
textfooler,reviews,xlmr_base,B4,1914,,wsd035,reviews__xlmr_base__B4__seed1914__wsd035,0.2540852012299731,0.30606337244904247,1500,1142,0.7613333333333333,0.48623446840295426,0.5486666666666666,0.2578300847975462,0.21266666666666667,0.27933450087565675,0.21266666666666667,/home/mudryi/phd_projects/ukr-adversarial-augmentation/results/textfooler/reviews__xlmr_base__B4__seed1914__wsd035/examples.jsonl
textfooler,reviews,xlmr_base,B4,2024,,,reviews__xlmr_base__B4__seed2024,0.25851402539664237,0.3101722419066603,1500,1167,0.778,0.4925441335407529,0.5573333333333333,0.23248528678378705,0.22066666666666668,0.28363324764353043,0.22066666666666668,/home/mudryi/phd_projects/ukr-adversarial-augmentation/results/textfooler/reviews__xlmr_base__B4__seed2024/examples.jsonl
textfooler,reviews,xlmr_base,B4,2024,,wsd035,reviews__xlmr_base__B4__seed2024__wsd035,0.23034144983346744,0.28026692871067604,1500,1167,0.778,0.4925441335407529,0.58,0.24184801754832494,0.19800000000000006,0.2544987146529563,0.198,/home/mudryi/phd_projects/ukr-adversarial-augmentation/results/textfooler/reviews__xlmr_base__B4__seed2024__wsd035/examples.jsonl
textfooler,reviews,xlmr_base,B4,7,,,reviews__xlmr_base__B4__seed7,0.27615028349261855,0.3291727238310034,1500,1149,0.766,0.46892798169344163,0.5346666666666666,0.23737860918626277,0.2313333333333334,0.3020017406440383,0.23133333333333334,/home/mudryi/phd_projects/ukr-adversarial-augmentation/results/textfooler/reviews__xlmr_base__B4__seed7/examples.jsonl
textfooler,reviews,xlmr_base,B4,7,,wsd035,reviews__xlmr_base__B4__seed7__wsd035,0.2617875704643148,0.3140430901538196,1500,1149,0.766,0.46892798169344163,0.546,0.24398574237351295,0.21999999999999997,0.28720626631853785,0.22,/home/mudryi/phd_projects/ukr-adversarial-augmentation/results/textfooler/reviews__xlmr_base__B4__seed7__wsd035/examples.jsonl
textfooler,reviews,xlmr_base,B5,1914,,,reviews__xlmr_base__B5__seed1914,0.5721310430165427,0.6293169940813902,1500,1123,0.7486666666666667,0.4682329423740169,0.2986666666666667,0.17316031960770722,0.45,0.6010685663401603,0.45,/home/mudryi/phd_projects/ukr-adversarial-augmentation/results/textfooler/reviews__xlmr_base__B5__seed1914/examples.jsonl
textfooler,reviews,xlmr_base,B5,1914,pool10x20,,reviews__xlmr_base__B5__seed1914__pool10x20,0.5950794399657093,0.6514338368878355,1500,1132,0.7546666666666667,0.4948161248230729,0.284,0.1740801257642832,0.47066666666666673,0.6236749116607774,0.4706666666666667,/home/mudryi/phd_projects/ukr-adversarial-augmentation/results/textfooler/reviews__xlmr_base__B5__seed1914__pool10x20/examples.jsonl
textfooler,reviews,xlmr_base,B5,1914,pool10x20,wsd035,reviews__xlmr_base__B5__seed1914__pool10x20__wsd035,0.579904644572502,0.6366748772345409,1500,1132,0.7546666666666667,0.4948161248230729,0.29533333333333334,0.17828194832052563,0.45933333333333337,0.6086572438162544,0.4593333333333333,/home/mudryi/phd_projects/ukr-adversarial-augmentation/results/textfooler/reviews__xlmr_base__B5__seed1914__pool10x20__wsd035/examples.jsonl
textfooler,reviews,xlmr_base,B5,1914,,wsd035,reviews__xlmr_base__B5__seed1914__wsd035,0.5291321680000335,0.5871219855674961,1500,1123,0.7486666666666667,0.4682329423740169,0.33066666666666666,0.18668182813809678,0.41800000000000004,0.5583259127337489,0.418,/home/mudryi/phd_projects/ukr-adversarial-augmentation/results/textfooler/reviews__xlmr_base__B5__seed1914__wsd035/examples.jsonl
textfooler,reviews,xlmr_base,B5,2024,,,reviews__xlmr_base__B5__seed2024,0.4858929036028233,0.5432705814857863,1500,1162,0.7746666666666666,0.4895282812116061,0.376,0.1895178334132356,0.3986666666666666,0.5146299483648882,0.39866666666666667,/home/mudryi/phd_projects/ukr-adversarial-augmentation/results/textfooler/reviews__xlmr_base__B5__seed2024/examples.jsonl
textfooler,reviews,xlmr_base,B5,2024,,wsd035,reviews__xlmr_base__B5__seed2024__wsd035,0.45073734022599393,0.5080906808253808,1500,1162,0.7746666666666666,0.4895282812116061,0.4033333333333333,0.19751554222841503,0.3713333333333333,0.4793459552495697,0.37133333333333335,/home/mudryi/phd_projects/ukr-adversarial-augmentation/results/textfooler/reviews__xlmr_base__B5__seed2024__wsd035/examples.jsonl
textfooler,reviews,xlmr_base,B5,7,,,reviews__xlmr_base__B5__seed7,0.4972504393216622,0.555021587916006,1500,1144,0.7626666666666667,0.48251843402988437,0.36133333333333334,0.18893884774998024,0.4013333333333334,0.5262237762237763,0.4013333333333333,/home/mudryi/phd_projects/ukr-adversarial-augmentation/results/textfooler/reviews__xlmr_base__B5__seed7/examples.jsonl
textfooler,reviews,xlmr_base,B5,7,,wsd035,reviews__xlmr_base__B5__seed7__wsd035,0.4806632848138246,0.5385031251733204,1500,1144,0.7626666666666667,0.48251843402988437,0.374,0.19573267665908978,0.3886666666666667,0.5096153846153846,0.38866666666666666,/home/mudryi/phd_projects/ukr-adversarial-augmentation/results/textfooler/reviews__xlmr_base__B5__seed7__wsd035/examples.jsonl
textfooler,reviews,xlmr_base,B6,1914,,,reviews__xlmr_base__B6__seed1914,0.38131111291058545,0.43810847959743265,1500,1148,0.7653333333333333,0.4926950108708598,0.452,0.20080849047451527,0.3133333333333333,0.4094076655052265,0.31333333333333335,/home/mudryi/phd_projects/ukr-adversarial-augmentation/results/textfooler/reviews__xlmr_base__B6__seed1914/examples.jsonl
textfooler,reviews,xlmr_base,B6,1914,,wsd035,reviews__xlmr_base__B6__seed1914__wsd035,0.3504495892655794,0.4064614006490603,1500,1148,0.7653333333333333,0.4926950108708598,0.476,0.2069052968987751,0.28933333333333333,0.3780487804878049,0.28933333333333333,/home/mudryi/phd_projects/ukr-adversarial-augmentation/results/textfooler/reviews__xlmr_base__B6__seed1914__wsd035/examples.jsonl
textfooler,reviews,xlmr_base,B6,2024,,,reviews__xlmr_base__B6__seed2024,0.39160043914367376,0.44848136412382617,1500,1153,0.7686666666666667,0.4891124965474507,0.446,0.18855707156023915,0.3226666666666667,0.419774501300954,0.32266666666666666,/home/mudryi/phd_projects/ukr-adversarial-augmentation/results/textfooler/reviews__xlmr_base__B6__seed2024/examples.jsonl
textfooler,reviews,xlmr_base,B6,2024,,wsd035,reviews__xlmr_base__B6__seed2024__wsd035,0.37107468682100636,0.4275148275645476,1500,1153,0.7686666666666667,0.4891124965474507,0.462,0.19831815846757167,0.3066666666666667,0.398959236773634,0.30666666666666664,/home/mudryi/phd_projects/ukr-adversarial-augmentation/results/textfooler/reviews__xlmr_base__B6__seed2024__wsd035/examples.jsonl
textfooler,reviews,xlmr_base,B6,7,,,reviews__xlmr_base__B6__seed7,0.3985081354081619,0.45563845854062196,1500,1148,0.7653333333333333,0.48183825016663195,0.43866666666666665,0.19884167414542403,0.32666666666666666,0.4268292682926829,0.32666666666666666,/home/mudryi/phd_projects/ukr-adversarial-augmentation/results/textfooler/reviews__xlmr_base__B6__seed7/examples.jsonl
textfooler,reviews,xlmr_base,B6,7,,wsd035,reviews__xlmr_base__B6__seed7__wsd035,0.3692950129476074,0.42581567855187463,1500,1148,0.7653333333333333,0.48183825016663195,0.4613333333333333,0.2045864721313885,0.304,0.397212543554007,0.304,/home/mudryi/phd_projects/ukr-adversarial-augmentation/results/textfooler/reviews__xlmr_base__B6__seed7__wsd035/examples.jsonl
textfooler,reviews,xlmr_base,B7,1914,,,reviews__xlmr_base__B7__seed1914,0.3730026618702865,0.4297623731524467,1500,1142,0.7613333333333333,0.4638435612147223,0.456,0.2073506990084165,0.3053333333333333,0.4010507880910683,0.30533333333333335,/home/mudryi/phd_projects/ukr-adversarial-augmentation/results/textfooler/reviews__xlmr_base__B7__seed1914/examples.jsonl
textfooler,reviews,xlmr_base,B7,1914,,wsd035,reviews__xlmr_base__B7__seed1914__wsd035,0.33171204522839115,0.38727176573320216,1500,1142,0.7613333333333333,0.4638435612147223,0.488,0.2169680016820791,0.2733333333333333,0.35901926444833626,0.2733333333333333,/home/mudryi/phd_projects/ukr-adversarial-augmentation/results/textfooler/reviews__xlmr_base__B7__seed1914__wsd035/examples.jsonl
textfooler,reviews,xlmr_base,B7,2024,,,reviews__xlmr_base__B7__seed2024,0.3925136519439016,0.4496615688698596,1500,1143,0.762,0.4719327954264254,0.44133333333333336,0.2081354682716822,0.32066666666666666,0.42082239720035,0.32066666666666666,/home/mudryi/phd_projects/ukr-adversarial-augmentation/results/textfooler/reviews__xlmr_base__B7__seed2024/examples.jsonl
textfooler,reviews,xlmr_base,B7,2024,,wsd035,reviews__xlmr_base__B7__seed2024__wsd035,0.3554533475320848,0.4117333041655629,1500,1143,0.762,0.4719327954264254,0.47,0.2200547260382332,0.29200000000000004,0.38320209973753283,0.292,/home/mudryi/phd_projects/ukr-adversarial-augmentation/results/textfooler/reviews__xlmr_base__B7__seed2024__wsd035/examples.jsonl
textfooler,reviews,xlmr_base,B7,7,,,reviews__xlmr_base__B7__seed7,0.32199406853728396,0.37717969489226083,1500,1143,0.762,0.44629982269931306,0.496,0.2038303565053705,0.266,0.34908136482939633,0.266,/home/mudryi/phd_projects/ukr-adversarial-augmentation/results/textfooler/reviews__xlmr_base__B7__seed7/examples.jsonl
textfooler,reviews,xlmr_base,B7,7,,wsd035,reviews__xlmr_base__B7__seed7__wsd035,0.29636119602470984,0.3504949610447558,1500,1143,0.762,0.44629982269931306,0.516,0.2116707331466401,0.246,0.3228346456692913,0.246,/home/mudryi/phd_projects/ukr-adversarial-augmentation/results/textfooler/reviews__xlmr_base__B7__seed7__wsd035/examples.jsonl
bert_attack,reviews,xlmr_base,B0,1914,,,reviews__xlmr_base__B0__seed1914,0.12337063887056755,0.16372882125718402,1500,1152,0.768,0.4371478647539718,0.6586666666666666,0.29168028358703796,0.1093333333333334,0.1423611111111111,0.10933333333333334,/home/mudryi/phd_projects/ukr-adversarial-augmentation/results/bert_attack/reviews__xlmr_base__B0__seed1914/examples.jsonl
bert_attack,reviews,xlmr_base,B0,2024,,,reviews__xlmr_base__B0__seed2024,0.13163225830195815,0.17314977943705623,1500,1144,0.7626666666666667,0.46556707870470176,0.6473333333333333,0.28944425167156584,0.1153333333333334,0.15122377622377622,0.11533333333333333,/home/mudryi/phd_projects/ukr-adversarial-augmentation/results/bert_attack/reviews__xlmr_base__B0__seed2024/examples.jsonl
bert_attack,reviews,xlmr_base,B0,7,,,reviews__xlmr_base__B0__seed7,0.10847262303082347,0.14681808698723195,1500,1155,0.77,0.44429770800791946,0.6726666666666666,0.3034774327609743,0.09733333333333338,0.1264069264069264,0.09733333333333333,/home/mudryi/phd_projects/ukr-adversarial-augmentation/results/bert_attack/reviews__xlmr_base__B0__seed7/examples.jsonl
bert_attack,reviews,xlmr_base,B1,1914,,,reviews__xlmr_base__B1__seed1914,0.17729628874971307,0.22404037839877947,1500,1122,0.748,0.47554415714845205,0.5986666666666667,0.2883287960868187,0.14933333333333332,0.19964349376114082,0.14933333333333335,/home/mudryi/phd_projects/ukr-adversarial-augmentation/results/bert_attack/reviews__xlmr_base__B1__seed1914/examples.jsonl
bert_attack,reviews,xlmr_base,B1,2024,,,reviews__xlmr_base__B1__seed2024,0.14015294169180995,0.18244637159228444,1500,1155,0.77,0.4765525950781665,0.6466666666666666,0.2817821899704218,0.1233333333333334,0.16017316017316016,0.12333333333333334,/home/mudryi/phd_projects/ukr-adversarial-augmentation/results/bert_attack/reviews__xlmr_base__B1__seed2024/examples.jsonl
bert_attack,reviews,xlmr_base,B1,7,,,reviews__xlmr_base__B1__seed7,0.13444784075118052,0.1762211806496188,1500,1148,0.7653333333333333,0.4840078267478665,0.6473333333333333,0.29334242258257276,0.118,0.15418118466898956,0.118,/home/mudryi/phd_projects/ukr-adversarial-augmentation/results/bert_attack/reviews__xlmr_base__B1__seed7/examples.jsonl
bert_attack,reviews,xlmr_base,B2,1914,,,reviews__xlmr_base__B2__seed1914,0.1501742154478882,0.19383975765402214,1500,1141,0.7606666666666667,0.48293778132986587,0.6306666666666667,0.28294951538681196,0.13,0.17090271691498685,0.13,/home/mudryi/phd_projects/ukr-adversarial-augmentation/results/bert_attack/reviews__xlmr_base__B2__seed1914/examples.jsonl
bert_attack,reviews,xlmr_base,B2,1914,r0.25,,reviews__xlmr_base__B2__seed1914__r0.25,0.1452578081290035,0.18827332761408086,1500,1147,0.7646666666666667,0.44954133898211734,0.638,0.28088932438368125,0.1266666666666667,0.16564952048823017,0.12666666666666668,/home/mudryi/phd_projects/ukr-adversarial-augmentation/results/bert_attack/reviews__xlmr_base__B2__seed1914__r0.25/examples.jsonl
bert_attack,reviews,xlmr_base,B2,1914,r1.0,,reviews__xlmr_base__B2__seed1914__r1.0,0.1493395707348936,0.19342453734243892,1500,1116,0.744,0.44891129959260584,0.6173333333333333,0.2744962301526203,0.1266666666666667,0.17025089605734767,0.12666666666666668,/home/mudryi/phd_projects/ukr-adversarial-augmentation/results/bert_attack/reviews__xlmr_base__B2__seed1914__r1.0/examples.jsonl
bert_attack,reviews,xlmr_base,B2,2024,,,reviews__xlmr_base__B2__seed2024,0.13998969961437774,0.18211186438091462,1500,1163,0.7753333333333333,0.4953262591935614,0.6513333333333333,0.299356661307013,0.124,0.15993121238177127,0.124,/home/mudryi/phd_projects/ukr-adversarial-augmentation/results/bert_attack/reviews__xlmr_base__B2__seed2024/examples.jsonl
bert_attack,reviews,xlmr_base,B2,7,,,reviews__xlmr_base__B2__seed7,0.1471277386369385,0.19013123576601107,1500,1158,0.772,0.5033790442652648,0.6426666666666667,0.2949789945867439,0.1293333333333333,0.16753022452504318,0.12933333333333333,/home/mudryi/phd_projects/ukr-adversarial-augmentation/results/bert_attack/reviews__xlmr_base__B2__seed7/examples.jsonl
bert_attack,reviews,xlmr_base,B3,1914,,,reviews__xlmr_base__B3__seed1914,0.15156447910654153,0.19533740149847034,1500,1143,0.762,0.5063789043412974,0.6306666666666667,0.3095502903698985,0.1313333333333333,0.17235345581802275,0.13133333333333333,/home/mudryi/phd_projects/ukr-adversarial-augmentation/results/bert_attack/reviews__xlmr_base__B3__seed1914/examples.jsonl
bert_attack,reviews,xlmr_base,B3,1914,pool10x20,,reviews__xlmr_base__B3__seed1914__pool10x20,0.13843735071091737,0.1811826597278738,1500,1122,0.748,0.4705595871906122,0.6293333333333333,0.29510166065827237,0.1186666666666667,0.1586452762923351,0.11866666666666667,/home/mudryi/phd_projects/ukr-adversarial-augmentation/results/bert_attack/reviews__xlmr_base__B3__seed1914__pool10x20/examples.jsonl
bert_attack,reviews,xlmr_base,B3,1914,r0.25,,reviews__xlmr_base__B3__seed1914__r0.25,0.10670505124861587,0.1449280677028816,1500,1148,0.7653333333333333,0.4670354395065662,0.67,0.3230541674662969,0.09533333333333327,0.12456445993031359,0.09533333333333334,/home/mudryi/phd_projects/ukr-adversarial-augmentation/results/bert_attack/reviews__xlmr_base__B3__seed1914__r0.25/examples.jsonl
bert_attack,reviews,xlmr_base,B3,1914,r1.0,,reviews__xlmr_base__B3__seed1914__r1.0,0.10729054069111753,0.14540208270287122,1500,1159,0.7726666666666666,0.4774872484222191,0.676,0.3036840018500225,0.09666666666666657,0.12510785159620363,0.09666666666666666,/home/mudryi/phd_projects/ukr-adversarial-augmentation/results/bert_attack/reviews__xlmr_base__B3__seed1914__r1.0/examples.jsonl
bert_attack,reviews,xlmr_base,B3,2024,,,reviews__xlmr_base__B3__seed2024,0.137342429906244,0.1792596813612131,1500,1158,0.772,0.47009069722216906,0.6506666666666666,0.2883919266148385,0.1213333333333334,0.15716753022452504,0.12133333333333333,/home/mudryi/phd_projects/ukr-adversarial-augmentation/results/bert_attack/reviews__xlmr_base__B3__seed2024/examples.jsonl
bert_attack,reviews,xlmr_base,B3,7,,,reviews__xlmr_base__B3__seed7,0.129988309723324,0.17130892619984583,1500,1144,0.7626666666666667,0.47446774503383404,0.6486666666666666,0.28852508169706037,0.1140000000000001,0.14947552447552448,0.114,/home/mudryi/phd_projects/ukr-adversarial-augmentation/results/bert_attack/reviews__xlmr_base__B3__seed7/examples.jsonl
bert_attack,reviews,xlmr_base,B4,1914,,,reviews__xlmr_base__B4__seed1914,0.14259265533335885,0.18541211000958147,1500,1142,0.7613333333333333,0.48623446840295426,0.6373333333333333,0.3038238904755807,0.124,0.1628721541155867,0.124,/home/mudryi/phd_projects/ukr-adversarial-augmentation/results/bert_attack/reviews__xlmr_base__B4__seed1914/examples.jsonl
bert_attack,reviews,xlmr_base,B4,1914,pool10x20,,reviews__xlmr_base__B4__seed1914__pool10x20,0.12564126757152422,0.16681247780292455,1500,1124,0.7493333333333333,0.43078954566923205,0.6406666666666667,0.30366209659225313,0.10866666666666658,0.14501779359430605,0.10866666666666666,/home/mudryi/phd_projects/ukr-adversarial-augmentation/results/bert_attack/reviews__xlmr_base__B4__seed1914__pool10x20/examples.jsonl
bert_attack,reviews,xlmr_base,B4,1914,r0.25,,reviews__xlmr_base__B4__seed1914__r0.25,0.14176611520352433,0.18449320797147556,1500,1142,0.7613333333333333,0.4562177086016949,0.638,0.2858767176852973,0.1233333333333333,0.16199649737302976,0.12333333333333334,/home/mudryi/phd_projects/ukr-adversarial-augmentation/results/bert_attack/reviews__xlmr_base__B4__seed1914__r0.25/examples.jsonl
bert_attack,reviews,xlmr_base,B4,1914,r1.0,,reviews__xlmr_base__B4__seed1914__r1.0,0.12219527006810602,0.16291248913567388,1500,1125,0.75,0.46008433314672087,0.644,0.29764425940144523,0.10599999999999998,0.14133333333333334,0.106,/home/mudryi/phd_projects/ukr-adversarial-augmentation/results/bert_attack/reviews__xlmr_base__B4__seed1914__r1.0/examples.jsonl
bert_attack,reviews,xlmr_base,B4,2024,,,reviews__xlmr_base__B4__seed2024,0.12981685994382056,0.17068621514807036,1500,1167,0.778,0.4925441335407529,0.662,0.28408147957883895,0.11599999999999999,0.14910025706940874,0.116,/home/mudryi/phd_projects/ukr-adversarial-augmentation/results/bert_attack/reviews__xlmr_base__B4__seed2024/examples.jsonl
bert_attack,reviews,xlmr_base,B4,7,,,reviews__xlmr_base__B4__seed7,0.13351017891023306,0.17515451743466087,1500,1149,0.766,0.46892798169344163,0.6486666666666666,0.29906650981672167,0.1173333333333334,0.15317667536988686,0.11733333333333333,/home/mudryi/phd_projects/ukr-adversarial-augmentation/results/bert_attack/reviews__xlmr_base__B4__seed7/examples.jsonl
bert_attack,reviews,xlmr_base,B5,1914,,,reviews__xlmr_base__B5__seed1914,0.1984031162872008,0.2469492044784024,1500,1123,0.7486666666666667,0.4682329423740169,0.5826666666666667,0.2932370931333918,0.16600000000000004,0.22172751558325912,0.166,/home/mudryi/phd_projects/ukr-adversarial-augmentation/results/bert_attack/reviews__xlmr_base__B5__seed1914/examples.jsonl
bert_attack,reviews,xlmr_base,B5,1914,pool10x20,,reviews__xlmr_base__B5__seed1914__pool10x20,0.20866061561816274,0.25781422090595096,1500,1132,0.7546666666666667,0.4948161248230729,0.5793333333333334,0.27793363995829895,0.17533333333333334,0.23233215547703182,0.17533333333333334,/home/mudryi/phd_projects/ukr-adversarial-augmentation/results/bert_attack/reviews__xlmr_base__B5__seed1914__pool10x20/examples.jsonl
bert_attack,reviews,xlmr_base,B5,2024,,,reviews__xlmr_base__B5__seed2024,0.15639590765548209,0.2002919212722506,1500,1162,0.7746666666666666,0.4895282812116061,0.6373333333333333,0.28494187098096946,0.1373333333333333,0.17728055077452667,0.13733333333333334,/home/mudryi/phd_projects/ukr-adversarial-augmentation/results/bert_attack/reviews__xlmr_base__B5__seed2024/examples.jsonl
bert_attack,reviews,xlmr_base,B5,7,,,reviews__xlmr_base__B5__seed7,0.17384353019020005,0.2198009538528501,1500,1144,0.7626666666666667,0.48251843402988437,0.6133333333333333,0.27740231157127976,0.14933333333333343,0.1958041958041958,0.14933333333333335,/home/mudryi/phd_projects/ukr-adversarial-augmentation/results/bert_attack/reviews__xlmr_base__B5__seed7/examples.jsonl
bert_attack,reviews,xlmr_base,B6,1914,,,reviews__xlmr_base__B6__seed1914,0.14348405857752644,0.18628481361569404,1500,1148,0.7653333333333333,0.4926950108708598,0.64,0.2993821618944102,0.1253333333333333,0.16376306620209058,0.12533333333333332,/home/mudryi/phd_projects/ukr-adversarial-augmentation/results/bert_attack/reviews__xlmr_base__B6__seed1914/examples.jsonl
bert_attack,reviews,xlmr_base,B6,2024,,,reviews__xlmr_base__B6__seed2024,0.11757440363929127,0.1571749636116954,1500,1153,0.7686666666666667,0.4891124965474507,0.664,0.301002439856154,0.10466666666666669,0.13616652211621855,0.10466666666666667,/home/mudryi/phd_projects/ukr-adversarial-augmentation/results/bert_attack/reviews__xlmr_base__B6__seed2024/examples.jsonl
bert_attack,reviews,xlmr_base,B6,7,,,reviews__xlmr_base__B6__seed7,0.13690957990639194,0.17896849171052223,1500,1148,0.7653333333333333,0.48183825016663195,0.6453333333333333,0.2939608169149392,0.12,0.156794425087108,0.12,/home/mudryi/phd_projects/ukr-adversarial-augmentation/results/bert_attack/reviews__xlmr_base__B6__seed7/examples.jsonl
bert_attack,reviews,xlmr_base,B7,1914,,,reviews__xlmr_base__B7__seed1914,0.1154418760987521,0.15496329770215447,1500,1142,0.7613333333333333,0.4638435612147223,0.6593333333333333,0.30276922495511827,0.10199999999999998,0.1339754816112084,0.102,/home/mudryi/phd_projects/ukr-adversarial-augmentation/results/bert_attack/reviews__xlmr_base__B7__seed1914/examples.jsonl
bert_attack,reviews,xlmr_base,B7,2024,,,reviews__xlmr_base__B7__seed2024,0.11697604031542969,0.15668119138547137,1500,1143,0.762,0.4719327954264254,0.6586666666666666,0.2981762864256619,0.10333333333333339,0.13560804899387577,0.10333333333333333,/home/mudryi/phd_projects/ukr-adversarial-augmentation/results/bert_attack/reviews__xlmr_base__B7__seed2024/examples.jsonl
bert_attack,reviews,xlmr_base,B7,7,,,reviews__xlmr_base__B7__seed7,0.09417856355723864,0.13064890220758857,1500,1143,0.762,0.44629982269931306,0.6773333333333333,0.2868192624403008,0.08466666666666667,0.1111111111111111,0.08466666666666667,/home/mudryi/phd_projects/ukr-adversarial-augmentation/results/bert_attack/reviews__xlmr_base__B7__seed7/examples.jsonl
