attack,dataset,target_model,target_checkpoint,n_total,n_skipped_orig_wrong,n_attacked,n_success,n_failed,n_budget_exceeded,original_accuracy,after_attack_accuracy,attack_success_rate,avg_queries,avg_change_rate,avg_semantic_sim,wall_time_sec,output_dir
textfooler,reviews,xlm-roberta-base,/home/mudryi/phd_projects/xml-roberta-finetune-reviews/trained_models/tmdk/model_tmdk_7_600,20,8,12,3,9,0,0.6,0.45,0.25,84.25,0.16155969634230505,0.7362041572729746,34.47328281402588,/home/mudryi/phd_projects/ukr-adversarial-augmentation/results/textfooler/reviews__xlmr_base__B0__seed1914
textfooler,reviews,xlm-roberta-base,/home/mudryi/phd_projects/xml-roberta-finetune-reviews/trained_models/tmdk/model_tmdk_7_600,20,8,12,3,9,0,0.6,0.45,0.25,84.25,0.16155969634230505,0.7362041572729746,69.5755455493927,/home/mudryi/phd_projects/ukr-adversarial-augmentation/results/textfooler/reviews__xlmr_base__B0__seed1914
textfooler,reviews,xlm-roberta-base,/home/mudryi/phd_projects/xml-roberta-finetune-reviews/trained_models/tmdk/model_tmdk_7_600,20,8,12,3,9,0,0.6,0.45,0.25,63.083333333333336,0.14751984126984127,0.7312337268482555,267.77392983436584,/home/mudryi/phd_projects/ukr-adversarial-augmentation/results/textfooler/reviews__xlmr_base__B0__seed1914__wsd035
textfooler,reviews,xlm-roberta-base,/home/mudryi/phd_projects/xml-roberta-finetune-reviews/trained_models/tmdk/model_tmdk_7_600,20,8,12,3,9,0,0.6,0.45,0.25,63.083333333333336,0.14751984126984127,0.7312337268482555,228.436217546463,/home/mudryi/phd_projects/ukr-adversarial-augmentation/results/textfooler/reviews__xlmr_base__B0__seed1914__wsd035
textfooler,reviews,xlm-roberta-base,/home/mudryi/phd_projects/ukr-adversarial-augmentation/results/pilot/checkpoints/reviews__xlmr_base__B0__seed1914,400,104,296,116,180,0,0.74,0.45,0.3918918918918919,127.15878378378379,0.15535520115482665,0.7568403137913833,173.93795204162598,/home/mudryi/phd_projects/ukr-adversarial-augmentation/results/textfooler/reviews__xlmr_base__B0__seed1914
textfooler,reviews,xlm-roberta-base,/home/mudryi/phd_projects/ukr-adversarial-augmentation/results/pilot/checkpoints/reviews__xlmr_base__B1__seed1914,400,112,288,132,156,0,0.72,0.39,0.4583333333333333,118.90625,0.1412678685907595,0.772262165079946,151.6978166103363,/home/mudryi/phd_projects/ukr-adversarial-augmentation/results/textfooler/reviews__xlmr_base__B1__seed1914
textfooler,reviews,xlm-roberta-base,/home/mudryi/phd_projects/ukr-adversarial-augmentation/results/pilot/checkpoints/reviews__xlmr_base__B2__seed1914,400,105,295,112,183,0,0.7375,0.4575,0.37966101694915255,124.71525423728814,0.1373934743479795,0.7559337790779006,162.42937803268433,/home/mudryi/phd_projects/ukr-adversarial-augmentation/results/textfooler/reviews__xlmr_base__B2__seed1914
textfooler,reviews,xlm-roberta-base,/home/mudryi/phd_projects/ukr-adversarial-augmentation/results/pilot/checkpoints/reviews__xlmr_base__B3__seed1914,400,108,292,82,210,0,0.73,0.525,0.2808219178082192,133.3527397260274,0.14737125532792272,0.7563361143894333,175.49362635612488,/home/mudryi/phd_projects/ukr-adversarial-augmentation/results/textfooler/reviews__xlmr_base__B3__seed1914
textfooler,reviews,xlm-roberta-base,/home/mudryi/phd_projects/ukr-adversarial-augmentation/results/pilot/checkpoints/reviews__xlmr_base__B4__seed1914,400,109,291,87,204,0,0.7275,0.51,0.29896907216494845,134.36769759450172,0.1530333229228119,0.7531388904491481,175.88834261894226,/home/mudryi/phd_projects/ukr-adversarial-augmentation/results/textfooler/reviews__xlmr_base__B4__seed1914
textfooler,reviews,xlm-roberta-base,/home/mudryi/phd_projects/ukr-adversarial-augmentation/results/pilot/checkpoints/reviews__xlmr_base__B0__seed1914,400,104,296,114,182,0,0.74,0.455,0.38513513513513514,109.79729729729729,0.16465903113371794,0.7579481302623681,553.9561367034912,/home/mudryi/phd_projects/ukr-adversarial-augmentation/results/textfooler/reviews__xlmr_base__B0__seed1914__wsd035
textfooler,reviews,xlm-roberta-base,/home/mudryi/phd_projects/ukr-adversarial-augmentation/results/pilot/checkpoints/reviews__xlmr_base__B1__seed1914,400,112,288,124,164,0,0.72,0.41,0.4305555555555556,103.10763888888889,0.13445804638964964,0.772340279492465,490.3532750606537,/home/mudryi/phd_projects/ukr-adversarial-augmentation/results/textfooler/reviews__xlmr_base__B1__seed1914__wsd035
textfooler,reviews,xlm-roberta-base,/home/mudryi/phd_projects/ukr-adversarial-augmentation/results/pilot/checkpoints/reviews__xlmr_base__B2__seed1914,400,105,295,100,195,0,0.7375,0.4875,0.3389830508474576,109.90508474576271,0.14087553414848128,0.7551972868179512,531.9801137447357,/home/mudryi/phd_projects/ukr-adversarial-augmentation/results/textfooler/reviews__xlmr_base__B2__seed1914__wsd035
textfooler,reviews,xlm-roberta-base,/home/mudryi/phd_projects/ukr-adversarial-augmentation/results/pilot/checkpoints/reviews__xlmr_base__B3__seed1914,400,108,292,74,218,0,0.73,0.545,0.2534246575342466,114.57534246575342,0.13327433957992482,0.7586139608984408,547.6702404022217,/home/mudryi/phd_projects/ukr-adversarial-augmentation/results/textfooler/reviews__xlmr_base__B3__seed1914__wsd035
textfooler,reviews,xlm-roberta-base,/home/mudryi/phd_projects/ukr-adversarial-augmentation/results/pilot/checkpoints/reviews__xlmr_base__B4__seed1914,400,109,291,82,209,0,0.7275,0.5225,0.281786941580756,114.29553264604812,0.15087254133456013,0.7543439645401753,555.0008461475372,/home/mudryi/phd_projects/ukr-adversarial-augmentation/results/textfooler/reviews__xlmr_base__B4__seed1914__wsd035
